Sales Category,Item Name,Modifier,,Avg Price,Quantity,Gross Sales,Discount Amount,Net Sales
No Sales Category,,,,16.23,5119,83106.7,0,83106.7,
No Sales Category,Naga Habanero Chicken,,,22.333365406643757,542,12025.89,0,12025.89,
No Sales Category,Naga Habanero Chicken,light cilantro,,,1,0,0,0,
No Sales Category,Naga Habanero Chicken,Jalapeno,,,15,14.85,0,14.85,
No Sales Category,Naga Habanero Chicken,Pepperoni,,,12,35.88,0,35.88,
No Sales Category,Naga Habanero Chicken,Order Note: Thank you! Best pizza ever <3,,,1,0,0,0,
No Sales Category,Naga Habanero Chicken,No cilantro garnish,,,1,0,0,0,
No Sales Category,Naga Habanero Chicken,Order Note: cut into more pieces (need as many slices as possible),,,1,0,0,0,
No Sales Category,Naga Habanero Chicken,Little or no cheese please. My mother does not like cheese.,,,1,0,0,0,
No Sales Category,Naga Habanero Chicken,Order Note: We don't want cilantro on anything. Please don't use cilantro in anywhere,,,1,0,0,0,
No Sales Category,Naga Habanero Chicken,Cilantro,,,2,1.98,0,1.98,
No Sales Category,Naga Habanero Chicken,no cilantro please,,,1,0,0,0,
No Sales Category,Naga Habanero Chicken,Medium,,,306,0,0,0,
No Sales Category,Naga Habanero Chicken,Hot Honey,,,24,23.76,0,23.76,
No Sales Category,Naga Habanero Chicken,No parmesean,,,1,0,0,0,
No Sales Category,Naga Habanero Chicken,Onion,,,26,25.74,0,25.74,
No Sales Category,Naga Habanero Chicken,Order Note: My wife Farha (Mahmuda Ahmed) picking up,,,1,0,0,0,
No Sales Category,Naga Habanero Chicken,Order Note: Well done bottom,,,1,0,0,0,
No Sales Category,Naga Habanero Chicken,Order Note: we enjoy your pizza very much!,,,1,0,0,0,
No Sales Category,Naga Habanero Chicken,Jhura Beef,,,5,14.95,0,14.95,
No Sales Category,Naga Habanero Chicken,No cilantro please,,,1,0,0,0,
No Sales Category,Naga Habanero Chicken,Cilantro on the side please,,,1,0,0,0,
No Sales Category,Naga Habanero Chicken,No Cilantro.,,,1,0,0,0,
No Sales Category,Naga Habanero Chicken,No chicken| add pepperoni,,,1,0,0,0,
No Sales Category,Naga Habanero Chicken,Pls use halal chicken,,,1,0,0,0,
No Sales Category,Naga Habanero Chicken,NO CILANTRO PLEASE,,,1,0,0,0,
No Sales Category,Naga Habanero Chicken,If it's possible| please only put the cilantro garnish on half of the pizza. Thank you,,,1,0,0,0,
No Sales Category,Naga Habanero Chicken,Order Note: Well done,,,1,0,0,0,
No Sales Category,Naga Habanero Chicken,Extra sauce please,,,1,0,0,0,
No Sales Category,Naga Habanero Chicken,Extra well done please,,,1,0,0,0,
No Sales Category,Naga Habanero Chicken,Hot honey on the side,,,1,0,0,0,
No Sales Category,Naga Habanero Chicken,Spicy,,,139,0,0,0,
No Sales Category,Naga Habanero Chicken,Order Note: red pepper please,,,1,0,0,0,
No Sales Category,Naga Habanero Chicken,Mild,,,97,0,0,0,
No Sales Category,Naga Habanero Chicken,Green Peppers,,,7,6.93,0,6.93,
No Sales Category,Naga Habanero Chicken,Chicken Chunks,,,4,11.96,0,11.96,
No Sales Category,Naga Habanero Chicken,Light cheese,,,1,0,0,0,
No Sales Category,Naga Habanero Chicken,light on the cilantro garnish,,,1,0,0,0,
No Sales Category,Naga Habanero Chicken,NO CILANTRO. Beef on only one side please.,,,1,0,0,0,
No Sales Category,Naga Habanero Chicken,Cilantro garnish only on half the pizza,,,1,0,0,0,
No Sales Category,Naga Habanero Chicken,no cilantro,,,1,0,0,0,
No Sales Category,Naga Habanero Chicken,Order Note: Iâ€™ll tip you upon delivery!,,,1,0,0,0,
No Sales Category,Naga Habanero Chicken,Order Note: Please keep spice level mild,,,1,0,0,0,
No Sales Category,Naga Habanero Chicken,light cilantro toppings please.,,,1,0,0,0,
No Sales Category,Naga Habanero Chicken,Hold the cilantro.,,,1,0,0,0,
No Sales Category,Naga Habanero Chicken,No cilantro garnish please| no cilantro garnish.,,,1,0,0,0,
No Sales Category,Naga Habanero Chicken,Order Note: VERY LIGHT Spicy Naga(Habanero) Sauce PLEASE!!,,,1,0,0,0,
No Sales Category,Naga Habanero Chicken,Order Note: please leave hot honey on the side,,,1,0,0,0,
No Sales Category,Naga Habanero Chicken,Due to issues in the online ordering system| please make this a Jhura beef pizza,,,1,0,0,0,
No Sales Category,Naga Habanero Chicken,16" XLARGE,,,224,5166.29,0,5166.29,
No Sales Category,Naga Habanero Chicken,14" LARGE,,,318,6664.82,0,6664.82,
No Sales Category,Naga Habanero Chicken,Order Note: Doordash Marketplace,,,22,0,0,0,
No Sales Category,Naga Habanero Chicken,Extra Cheese,,,11,21.89,0,21.89,
No Sales Category,Naga Habanero Chicken,VERY LIGHT Spicy Naga(Habanero) Sauce PLEASE!!,,,1,0,0,0,
No Sales Category,Naga Habanero Chicken,Italian Sausage,,,1,2.99,0,2.99,
No Sales Category,Naga Habanero Chicken,Black Olives,,,3,5.97,0,5.97,
No Sales Category,Naga Habanero Chicken,Less cheese,,,1,0,0,0,
No Sales Category,Naga Habanero Chicken,hot honey on the side please,,,1,0,0,0,
No Sales Category,Naga Habanero Chicken,Turkey Bacon,,,4,11.96,0,11.96,
No Sales Category,Naga Habanero Chicken,Hot honey on side,,,1,0,0,0,
No Sales Category,Naga Habanero Chicken,Order Note: To be picked up by Tahsin Rahman,,,1,0,0,0,
No Sales Category,Naga Habanero Chicken,NO CILANTRO,,,1,0,0,0,
No Sales Category,Naga Habanero Chicken,Sauteed Ghee Mushrooms,,,8,15.92,0,15.92,
No Sales Category,Naga Habanero Chicken,Cilantro on side,,,1,0,0,0,
No Sales Category,Naga Habanero Chicken,Half naga chicken and half beef pepperoni pizza,,,1,0,0,0,
No Sales Category,Naga Habanero Chicken,Cut pizza into squares instead of slices.,,,1,0,0,0,
No Sales Category,Naga Habanero Chicken,no cilantro? Not sure if thatâ€™s a â€œprice alteringâ€ change to ask for. We donâ€™t like cilantro. Thanks,,,1,0,0,0,
No Sales Category,Naga Habanero Chicken,please slice into 7 slices,,,1,0,0,0,
No Sales Category,Naga Habanero Chicken,No cilantro,,,2,0,0,0,
No Sales Category,Naga Habanero Chicken,If you can cut these in party style/squares that would be awesome! If not don't sweat it <3,,,1,0,0,0,
No Sales Category,Naga Habanero Chicken,Extra spicy,,,1,0,0,0,
No Sales Category,Meatlovers Pizza,,,23.62425679620507,455,10665.02,0,10665.02,
No Sales Category,Meatlovers Pizza,16 inces XLARGE,,,202,4862.98,0,4862.98,
No Sales Category,Meatlovers Pizza,14" LARGE,,,253,5573.47,0,5573.47,
No Sales Category,Meatlovers Pizza,Sauteed Ghee Mushrooms,,,13,25.87,0,25.87,
No Sales Category,Meatlovers Pizza,Onion,,,19,18.81,0,18.81,
No Sales Category,Meatlovers Pizza,Jhura Beef,,,3,8.97,0,8.97,
No Sales Category,Meatlovers Pizza,Pepperoni on half only please.,,,1,0,0,0,
No Sales Category,Meatlovers Pizza,Hot honey on the side plz
,,,1,0,0,0,
No Sales Category,Meatlovers Pizza,Please put enough marina sauce| last time it barely had any ðŸ˜­,,,1,0,0,0,
No Sales Category,Meatlovers Pizza,*No parmesan please
**Please double cut,,,1,0,0,0,
No Sales Category,Meatlovers Pizza,Turkey Bacon,,,4,11.96,0,11.96,
No Sales Category,Meatlovers Pizza,Italian Sausage,,,8,23.92,0,23.92,
No Sales Category,Meatlovers Pizza,JalapeÃ±o o. Half of pizza only,,,1,0,0,0,
No Sales Category,Meatlovers Pizza,No turkey bacon please,,,1,0,0,0,
No Sales Category,Meatlovers Pizza,Order Note: PARTY CUT all 3 pies,,,1,0,0,0,
No Sales Category,Meatlovers Pizza,Order Note: Halal,,,1,0,0,0,
No Sales Category,Meatlovers Pizza,Order Note: Thank you!,,,1,0,0,0,
No Sales Category,Meatlovers Pizza,Pepperoni,,,10,29.9,0,29.9,
No Sales Category,Meatlovers Pizza,Order Note: Extra meat toppings,,,1,0,0,0,
No Sales Category,Meatlovers Pizza,Hot Honey,,,20,20.8,0,20.8,
No Sales Category,Meatlovers Pizza,No pepperoni please,,,1,0,0,0,
No Sales Category,Meatlovers Pizza,Order Note: Paper plates and napkins if possible please,,,2,0,0,0,
No Sales Category,Meatlovers Pizza,Have allergy to chicken and chicken broth. Verify these are not in any of the toppings. 
,,,1,0,0,0,
No Sales Category,Meatlovers Pizza,Order Note: Extra sauce on pizza,,,1,0,0,0,
No Sales Category,Meatlovers Pizza,Order Note: Cut the pizzas into square slices.,,,1,0,0,0,
No Sales Category,Meatlovers Pizza,extra sauce on pizza please,,,1,0,0,0,
No Sales Category,Meatlovers Pizza,Order Note: extra sauce on pizzas please,,,1,0,0,0,
No Sales Category,Meatlovers Pizza,No hot spices,,,1,0,0,0,
No Sales Category,Meatlovers Pizza,No Turkey Bacon,,,1,0,0,0,
No Sales Category,Meatlovers Pizza,Order Note: Parmesan and pepper packets please,,,1,0,0,0,
No Sales Category,Meatlovers Pizza,JalapeÃ±os on have of pizza please,,,1,0,0,0,
No Sales Category,Meatlovers Pizza,Hot honey on side,,,1,0,0,0,
No Sales Category,Meatlovers Pizza,Order Note: Doordash Marketplace,,,17,0,0,0,
No Sales Category,Meatlovers Pizza,Black Olives,,,9,14.91,0,14.91,
No Sales Category,Meatlovers Pizza,Green Peppers,,,14,13.86,0,13.86,
No Sales Category,Meatlovers Pizza,Jalapeno,,,25,24.75,0,24.75,
No Sales Category,Meatlovers Pizza,1/2 meat lovers 1/2 pepperoni only. Thanks!,,,1,0,0,0,
No Sales Category,Meatlovers Pizza,Cut pizza up into squares instead of slices.,,,1,0,0,0,
No Sales Category,Meatlovers Pizza,Order Note: 06,,,1,0,0,0,
No Sales Category,Meatlovers Pizza,Extra Cheese,,,6,11.94,0,11.94,
No Sales Category,Meatlovers Pizza,+ 2 sides red pizza sauce for dipping,,,1,0,0,0,
No Sales Category,Meatlovers Pizza,Can we have extra meat toppings!
Thanks,,,1,0,0,0,
No Sales Category,Meatlovers Pizza,Halal please,,,1,0,0,0,
No Sales Category,Meatlovers Pizza,Order Note: Pepperoni on half only please,,,1,0,0,0,
No Sales Category,Meatlovers Pizza,Chicken Chunks,,,5,14.95,0,14.95,
No Sales Category,Meatlovers Pizza,Cilantro,,,6,5.94,0,5.94,
No Sales Category,Meatlovers Pizza,Swap turkey bacon for jalapeÃ±os if possible| please,,,1,0,0,0,
No Sales Category,Meatlovers Pizza,If it is possible can you put Alfredo sauce instead of marinara? If not than marinara is fine,,,1,0,0,0,
No Sales Category,Meatlovers Pizza,please cut 7 slices,,,1,0,0,0,
No Sales Category,Meatlovers Pizza,Order Note: Halal only please. Thank you.,,,1,0,0,0,
No Sales Category,Meatlovers Pizza,Artichoke Hearts,,,1,1.99,0,1.99,
No Sales Category,4Cheez with Hot Honey,,,20.056744444444444,199,3989.13,0,3989.13,
No Sales Category,4Cheez with Hot Honey,Sauteed Ghee Mushrooms,,,3,5.97,0,5.97,
No Sales Category,4Cheez with Hot Honey,Chicken Chunks,,,3,8.97,0,8.97,
No Sales Category,4Cheez with Hot Honey,Onion,,,13,12.87,0,12.87,
No Sales Category,4Cheez with Hot Honey,Italian Sausage,,,8,23.92,0,23.92,
No Sales Category,4Cheez with Hot Honey,Hot Honey,,,6,7.94,0,7.94,
No Sales Category,4Cheez with Hot Honey,Jhura Beef,,,3,8.97,0,8.97,
No Sales Category,4Cheez with Hot Honey,Black Olives,,,1,1.99,0,1.99,
No Sales Category,4Cheez with Hot Honey,16" XLARGE,,,65,1362.35,0,1362.35,
No Sales Category,4Cheez with Hot Honey,Order Note: Doordash Marketplace,,,13,0,0,0,
No Sales Category,4Cheez with Hot Honey,Jalapeno,,,4,3.96,0,3.96,
No Sales Category,4Cheez with Hot Honey,Well done,,,1,0,0,0,
No Sales Category,4Cheez with Hot Honey,Order Note: 656846,,,1,0,0,0,
No Sales Category,4Cheez with Hot Honey,Order Note: Olives only on half of the harissa chicken pizza,,,1,0,0,0,
No Sales Category,4Cheez with Hot Honey,Pleas put the full complement of pepperoni. I'm not afraid of the grease.,,,1,0,0,0,
No Sales Category,4Cheez with Hot Honey,14" LARGE,,,134,2425.66,0,2425.66,
No Sales Category,4Cheez with Hot Honey,Pepperoni,,,37,110.63,0,110.63,
No Sales Category,4Cheez with Hot Honey,Turkey Bacon,,,2,5.98,0,5.98,
No Sales Category,4Cheez with Hot Honey,Green Peppers,,,3,2.97,0,2.97,
No Sales Category,4Cheez with Hot Honey,Half pepperoni,,,1,0,0,0,
No Sales Category,4Cheez with Hot Honey,Order Note: The last time I ordered (not this time)| I had enough points for a free pizza| but  for some reason it wouldn't count it. Now the points are gone. IDK if there's anything to be done. Plus| I  wouldn't believe me either| but it happened.,,,1,0,0,0,
No Sales Category,4Cheez with Hot Honey,Cilantro,,,3,2.97,0,2.97,
No Sales Category,4Cheez with Hot Honey,Extra Cheese,,,2,3.98,0,3.98,
No Sales Category,4Cheez with Hot Honey,Divide by 12,,,1,0,0,0,
No Sales Category,4Cheez with Hot Honey,Please put pepperoni on only half! Thanks!,,,1,0,0,0,
No Sales Category,4Cheez with Hot Honey,Well done (crispy) if possible| please.,,,1,0,0,0,
No Sales Category,Classic Cheese Pizza,,,18.490559393939392,454,8329.57,0,8329.57,
No Sales Category,Classic Cheese Pizza,16" XLARGE,,,189,3585.68,0,3585.68,
No Sales Category,Classic Cheese Pizza,Order Note: Doordash Marketplace,,,59,0,0,0,
No Sales Category,Classic Cheese Pizza,Baked to Golden on the top lease,,,1,0,0,0,
No Sales Category,Classic Cheese Pizza,Black Olives,,,6,9.94,0,9.94,
No Sales Category,Classic Cheese Pizza,Jhura Beef,,,2,5.98,0,5.98,
No Sales Category,Classic Cheese Pizza,Order Note: adding to my order,,,1,0,0,0,
No Sales Category,Classic Cheese Pizza,Extra basil on the Bros pizza please :),,,1,0,0,0,
No Sales Category,Classic Cheese Pizza,Order Note: Well done,,,1,0,0,0,
No Sales Category,Classic Cheese Pizza,NO BASIL PLEASE!,,,1,0,0,0,
No Sales Category,Classic Cheese Pizza,Order Note: 4 sides of red pizza sauce plz,,,1,0,0,0,
No Sales Category,Classic Cheese Pizza,Half suasage and half cheese,,,1,0,0,0,
No Sales Category,Classic Cheese Pizza,Green Peppers,,,15,14.85,0,14.85,
No Sales Category,Classic Cheese Pizza,Hot Honey,,,9,11.91,0,11.91,
No Sales Category,Classic Cheese Pizza,Order Note: Margherita Style please,,,1,0,0,0,
No Sales Category,Classic Cheese Pizza,No cilantro please,,,1,0,0,0,
No Sales Category,Classic Cheese Pizza,No basil. For kids,,,1,0,0,0,
No Sales Category,Classic Cheese Pizza,No basil please.,,,1,0,0,0,
No Sales Category,Classic Cheese Pizza,Well done,,,1,0,0,0,
No Sales Category,Classic Cheese Pizza,14" LARGE,,,265,4448.35,0,4448.35,
No Sales Category,Classic Cheese Pizza,Sauteed Ghee Mushrooms,,,17,33.83,0,33.83,
No Sales Category,Classic Cheese Pizza,Extra Cheese,,,13,25.87,0,25.87,
No Sales Category,Classic Cheese Pizza,Turkey Bacon,,,5,14.95,0,14.95,
No Sales Category,Classic Cheese Pizza,Pepperoni,,,24,71.76,0,71.76,
No Sales Category,Classic Cheese Pizza,Half cheese and half pepperoni,,,1,0,0,0,
No Sales Category,Classic Cheese Pizza,No basil,,,2,0,0,0,
No Sales Category,Classic Cheese Pizza,Baked well done please.,,,1,0,0,0,
No Sales Category,Classic Cheese Pizza,JalapeÃ±os on the side,,,1,0,0,0,
No Sales Category,Classic Cheese Pizza,deliver to 3108 Chimneyrock Dr.
Sharyn Smith,,,1,0,0,0,
No Sales Category,Classic Cheese Pizza,Order Note: Add red dipping marinara sauce,,,1,0,0,0,
No Sales Category,Classic Cheese Pizza,Order Note: Thank you!,,,1,0,0,0,
No Sales Category,Classic Cheese Pizza,Can half be pepperoni,,,1,0,0,0,
No Sales Category,Classic Cheese Pizza,+4 sides of red pizza sauce,,,1,0,0,0,
No Sales Category,Classic Cheese Pizza,Order Note: Doorbell is broken. You can leave outside front door. Thanks!,,,1,0,0,0,
No Sales Category,Classic Cheese Pizza,Add pepperoni to half only,,,1,0,0,0,
No Sales Category,Classic Cheese Pizza,Onion,,,17,16.83,0,16.83,
No Sales Category,Classic Cheese Pizza,No basil please,,,3,0,0,0,
No Sales Category,Classic Cheese Pizza,Jalapeno,,,12,11.88,0,11.88,
No Sales Category,Classic Cheese Pizza,Margherita style and extra crispy please,,,1,0,0,0,
No Sales Category,Classic Cheese Pizza,Half Pepperoni Half Plain Cheese,,,1,0,0,0,
No Sales Category,Classic Cheese Pizza,Italian Sausage,,,13,38.87,0,38.87,
No Sales Category,Classic Cheese Pizza,Chicken Chunks,,,13,38.87,0,38.87,
No Sales Category,Classic Cheese Pizza,Please put just a little extra sauce on the pizza,,,1,0,0,0,
No Sales Category,Classic Cheese Pizza,Well-done,,,1,0,0,0,
No Sales Category,Veggie Pizza,,,19.22188202247191,108,2084.47,0,2084.47,
No Sales Category,Veggie Pizza,14" LARGE,,,68,1211.32,0,1211.32,
No Sales Category,Veggie Pizza,16" XLARGE,,,40,787.6,0,787.6,
No Sales Category,Veggie Pizza,Jalapeno,,,10,9.9,0,9.9,
No Sales Category,Veggie Pizza,Extra Cheese,,,2,3.98,0,3.98,
No Sales Category,Veggie Pizza,No olives please,,,1,0,0,0,
No Sales Category,Veggie Pizza,No black olives,,,1,0,0,0,
No Sales Category,Veggie Pizza,Jhura Beef,,,1,2.99,0,2.99,
No Sales Category,Veggie Pizza,No onions please,,,1,0,0,0,
No Sales Category,Veggie Pizza,Divide by 12,,,1,0,0,0,
No Sales Category,Veggie Pizza,No olives,,,2,0,0,0,
No Sales Category,Veggie Pizza,Pepperoni,,,9,26.91,0,26.91,
No Sales Category,Veggie Pizza,No olives please :),,,1,0,0,0,
No Sales Category,Veggie Pizza,please add jalapenos on half the pizza| thank you,,,1,0,0,0,
No Sales Category,Veggie Pizza,Black Olives,,,1,1.99,0,1.99,
No Sales Category,Veggie Pizza,Hot honey on half| extra onions pls,,,1,0,0,0,
No Sales Category,Veggie Pizza,Order Note: Please make it well done,,,1,0,0,0,
No Sales Category,Veggie Pizza,Green Peppers,,,1,0.99,0,0.99,
No Sales Category,Veggie Pizza,No onions please. Thanks.,,,1,0,0,0,
No Sales Category,Veggie Pizza,Onion,,,5,4.95,0,4.95,
No Sales Category,Veggie Pizza,Order Note: Doordash Marketplace,,,4,0,0,0,
No Sales Category,Veggie Pizza,Black olives on the side| please! Itâ€™s for my baby :),,,1,0,0,0,
No Sales Category,Veggie Pizza,1/2 cheese pizza,,,1,0,0,0,
No Sales Category,Veggie Pizza,Chicken Chunks,,,4,11.96,0,11.96,
No Sales Category,Veggie Pizza,Sauteed Ghee Mushrooms,,,10,19.9,0,19.9,
No Sales Category,Veggie Pizza,Order Note: please add jalapeno on half (double it on half),,,1,0,0,0,
No Sales Category,Veggie Pizza,extra sauce,,,1,0,0,0,
No Sales Category,Veggie Pizza,Order Note: No onions please.,,,1,0,0,0,
No Sales Category,Veggie Pizza,Hot Honey,,,1,0.99,0,0.99,
No Sales Category,Veggie Pizza,Order Note: Really well done. Thank you.,,,1,0,0,0,
No Sales Category,Veggie Pizza,Cilantro,,,1,0.99,0,0.99,
No Sales Category,Veggie Pizza,NO GREEN PEPPERS.,,,1,0,0,0,
No Sales Category,Veggie Pizza,*No Parmesan please
**Mushrooms on HALF only please
***Please double cut,,,1,0,0,0,
No Sales Category,Veggie Pizza,Order Note: No black olives on pizza,,,1,0,0,0,
No Sales Category,Alfredo Chicken,,,20.49705128205128,105,2138.58,0,2138.58,
No Sales Category,Alfredo Chicken,16" XLARGE,,,32,692.68,0,692.68,
No Sales Category,Alfredo Chicken,14" LARGE,,,73,1379.27,0,1379.27,
No Sales Category,Alfredo Chicken,Order Note: you guys are great!!! thank u so much for everything!!,,,1,0,0,0,
No Sales Category,Alfredo Chicken,Jalapeno,,,4,3.96,0,3.96,
No Sales Category,Alfredo Chicken,Black Olives,,,1,1.99,0,1.99,
No Sales Category,Alfredo Chicken,Order Note: Doordash Marketplace,,,3,0,0,0,
No Sales Category,Alfredo Chicken,Green Peppers,,,4,3.96,0,3.96,
No Sales Category,Alfredo Chicken,Pepperoni,,,2,5.98,0,5.98,
No Sales Category,Alfredo Chicken,Extra Cheese,,,1,1.99,0,1.99,
No Sales Category,Alfredo Chicken,Hot Honey,,,1,0.99,0,0.99,
No Sales Category,Alfredo Chicken,Italian Sausage,,,2,5.98,0,5.98,
No Sales Category,Alfredo Chicken,Please add a generous amount of Garlic. Thank you. i love you.,,,1,0,0,0,
No Sales Category,Alfredo Chicken,Sauteed Ghee Mushrooms,,,10,19.9,0,19.9,
No Sales Category,Alfredo Chicken,Onion,,,7,6.93,0,6.93,
No Sales Category,Alfredo Chicken,Turkey Bacon,,,3,8.97,0,8.97,
No Sales Category,Alfredo Chicken,Order Note: Need plenty of cheese and red pepper,,,1,0,0,0,
No Sales Category,Alfredo Chicken,Chicken Chunks,,,2,5.98,0,5.98,
No Sales Category,Alfredo Chicken,Order Note: Dogs will bark| sorry.,,,1,0,0,0,
No Sales Category,Naga Habanero Paneer,,,22.004279661016948,77,1697.83,0,1697.83,
No Sales Category,Naga Habanero Paneer,14" LARGE,,,50,1011.5,0,1011.5,
No Sales Category,Naga Habanero Paneer,gluten free pizza?,,,1,0,0,0,
No Sales Category,Naga Habanero Paneer,cilantro on the side or no cilantro,,,1,0,0,0,
No Sales Category,Naga Habanero Paneer,Order Note: I need them to be ready at 6.30pm. Please get them ready at that time. Thank you!,,,1,0,0,0,
No Sales Category,Naga Habanero Paneer,I would like to pick up at 1pm. Please time my order accordingly if you can so it stays hot.,,,1,0,0,0,
No Sales Category,Naga Habanero Paneer,Jhura Beef,,,2,5.98,0,5.98,
No Sales Category,Naga Habanero Paneer,Medium,,,34,0,0,0,
No Sales Category,Naga Habanero Paneer,Green Peppers,,,6,5.94,0,5.94,
No Sales Category,Naga Habanero Paneer,Order Note: Doordash Marketplace,,,4,0,0,0,
No Sales Category,Naga Habanero Paneer,Order Note: Clean CUT Requested and kindly,,,1,0,0,0,
No Sales Category,Naga Habanero Paneer,Donâ€™t put cilantro please
Divide by 12 (12 slices ),,,1,0,0,0,
No Sales Category,Naga Habanero Paneer,Pepperoni,,,2,5.98,0,5.98,
No Sales Category,Naga Habanero Paneer,Spicy,,,26,0,0,0,
No Sales Category,Naga Habanero Paneer,Mild,,,17,0,0,0,
No Sales Category,Naga Habanero Paneer,Order Note: Pizza well done/ crispy,,,1,0,0,0,
No Sales Category,Naga Habanero Paneer,Onion,,,10,9.9,0,9.9,
No Sales Category,Naga Habanero Paneer,Cilantro,,,5,4.95,0,4.95,
No Sales Category,Naga Habanero Paneer,Italian Sausage,,,1,2.99,0,2.99,
No Sales Category,Naga Habanero Paneer,Make it spicy,,,1,0,0,0,
No Sales Category,Naga Habanero Paneer,Sauteed Ghee Mushrooms,,,6,11.94,0,11.94,
No Sales Category,Naga Habanero Paneer,16" XLARGE,,,27,628.73,0,628.73,
No Sales Category,Naga Habanero Paneer,Jalapeno,,,5,4.95,0,4.95,
No Sales Category,Naga Habanero Paneer,Hot Honey,,,2,2.98,0,2.98,
No Sales Category,Naga Habanero Paneer,Please Request CLEAN CUT.,,,1,0,0,0,
No Sales Category,Naga Habanero Paneer,Black Olives,,,1,1.99,0,1.99,
No Sales Category,Naga Habanero Paneer,Cilantro on side please,,,1,0,0,0,
No Sales Category,Soda (Can),,,2.731866666666667,105,287.13,0,287.13,
No Sales Category,Soda (Can),Order Note: Doordash Marketplace,,,32,0,0,0,
No Sales Category,Soda (Can),Diet Coke,,,29,0,0,0,
No Sales Category,Soda (Can),Coke,,,54,0,0,0,
No Sales Category,Soda (Can),Sprite,,,18,0,0,0,
No Sales Category,Soda (Can),Jumex Mango,,,6,0,0,0,
No Sales Category,Soda (Can),Brisk Sweet Tea,,,4,0,0,0,
No Sales Category,Garlic Ghee Mushroom,,,19.15795116772824,202,3846.72,0,3846.72,
No Sales Category,Garlic Ghee Mushroom,Chicken Chunks,,,21,62.79,0,62.79,
No Sales Category,Garlic Ghee Mushroom,16" XLARGE,,,41,857.12,0,857.12,
No Sales Category,Garlic Ghee Mushroom,Pepperoni,,,7,20.93,0,20.93,
No Sales Category,Garlic Ghee Mushroom,Jhura Beef,,,9,26.91,0,26.91,
No Sales Category,Garlic Ghee Mushroom,Light sauce,,,1,0,0,0,
No Sales Category,Garlic Ghee Mushroom,Cilantro,,,2,1.98,0,1.98,
No Sales Category,Garlic Ghee Mushroom,Onion,,,13,12.87,0,12.87,
No Sales Category,Garlic Ghee Mushroom,14" LARGE,,,161,2815.39,0,2815.39,
No Sales Category,Garlic Ghee Mushroom,Black Olives,,,3,3.97,0,3.97,
No Sales Category,Garlic Ghee Mushroom,Jalapeno,,,5,4.95,0,4.95,
No Sales Category,Garlic Ghee Mushroom,Order Note: The sodas are 2 sprites and a diet coke,,,1,0,0,0,
No Sales Category,Garlic Ghee Mushroom,Order Note: Doordash Marketplace,,,18,0,0,0,
No Sales Category,Garlic Ghee Mushroom,Italian Sausage,,,9,26.91,0,26.91,
No Sales Category,Garlic Ghee Mushroom,Hot Honey,,,5,4.95,0,4.95,
No Sales Category,Garlic Ghee Mushroom,Sauteed Ghee Mushrooms,,,3,5.97,0,5.97,
No Sales Category,Garlic Ghee Mushroom,Order Note: See notes,,,1,0,0,0,
No Sales Category,Garlic Ghee Mushroom,Green Peppers,,,2,1.98,0,1.98,
No Sales Category,Naga Habanero Pasta,,,11.43344827586207,32,364.53,0,364.53,
No Sales Category,Naga Habanero Pasta,Spicy,,,8,0,0,0,
No Sales Category,Naga Habanero Pasta,Chicken,,,9,26.91,0,26.91,
No Sales Category,Naga Habanero Pasta,Italian Sausage,,,6,17.94,0,17.94,
No Sales Category,Naga Habanero Pasta,Order Note: Doordash Marketplace,,,3,0,0,0,
No Sales Category,Naga Habanero Pasta,No cilantro| no pork. If sausage is pork please substitute with chicken.,,,1,0,0,0,
No Sales Category,Naga Habanero Pasta,Medium,,,21,0,0,0,
No Sales Category,Naga Habanero Pasta,Mild,,,3,0,0,0,
No Sales Category,Naga Habanero Pasta,Halal,,,1,0,0,0,
No Sales Category,Naga Dip,,,1.99,225,447.75,0,447.75,
No Sales Category,Naga Dip,Order Note: Doordash Marketplace,,,28,0,0,0,
No Sales Category,Naga Dip,Order Note: Please leave at front door,,,1,0,0,0,
No Sales Category,Naga Dip,Order Note: N/A,,,1,0,0,0,
No Sales Category,Harissa Chicken,,,22.07661924119241,198,4383.77,0,4383.77,
No Sales Category,Harissa Chicken,14" LARGE,,,114,2400.86,0,2400.86,
No Sales Category,Harissa Chicken,No black olives| No cilantro 

Thank you!,,,1,0,0,0,
No Sales Category,Harissa Chicken,Black Olives,,,1,1.99,0,1.99,
No Sales Category,Harissa Chicken,Extra Cheese,,,2,3.98,0,3.98,
No Sales Category,Harissa Chicken,Jalapeno,,,2,1.98,0,1.98,
No Sales Category,Harissa Chicken,Sauteed Ghee Mushrooms,,,4,7.96,0,7.96,
No Sales Category,Harissa Chicken,Cilantro,,,4,3.96,0,3.96,
No Sales Category,Harissa Chicken,Can we do olives on only half of the pizza| thanks!!,,,1,0,0,0,
No Sales Category,Harissa Chicken,No black olives please.,,,1,0,0,0,
No Sales Category,Harissa Chicken,No black olives,,,3,0,0,0,
No Sales Category,Harissa Chicken,Please dont put cilantro on top. No cilantro please,,,1,0,0,0,
No Sales Category,Harissa Chicken,No Cilantro on top please. No Cilantro,,,2,0,0,0,
No Sales Category,Harissa Chicken,No Olives,,,1,0,0,0,
No Sales Category,Harissa Chicken,Order Note: Mild,,,1,0,0,0,
No Sales Category,Harissa Chicken,No Cilantro please. We don't want cilantro.,,,1,0,0,0,
No Sales Category,Harissa Chicken,No olives please,,,1,0,0,0,
No Sales Category,Harissa Chicken,Chicken Chunks,,,1,2.99,0,2.99,
No Sales Category,Harissa Chicken,Olives only on half of pizza please,,,1,0,0,0,
No Sales Category,Harissa Chicken,Order Note: No olives,,,1,0,0,0,
No Sales Category,Harissa Chicken,Order Note: Doordash Marketplace,,,8,0,0,0,
No Sales Category,Harissa Chicken,Onion,,,6,5.94,0,5.94,
No Sales Category,Harissa Chicken,no parmesan please!,,,1,0,0,0,
No Sales Category,Harissa Chicken,Aoli on the side| not on the pizza,,,1,0,0,0,
No Sales Category,Harissa Chicken,16" XLARGE,,,84,1949.16,0,1949.16,
No Sales Category,Harissa Chicken,No olives,,,3,0,0,0,
No Sales Category,Harissa Chicken,Hot Honey,,,2,1.98,0,1.98,
No Sales Category,Harissa Chicken,Light on the olives please,,,1,0,0,0,
No Sales Category,Harissa Chicken,Order Note: Olives on half please,,,1,0,0,0,
No Sales Category,Harissa Chicken,Divide by 12,,,1,0,0,0,
No Sales Category,Harissa Chicken,Green Peppers,,,3,2.97,0,2.97,
No Sales Category,Harissa Chicken,Order Note: Please have the pizza ready for pick up at 630pm. Thank you,,,1,0,0,0,
No Sales Category,Harissa Chicken,No cilantro please,,,1,0,0,0,
No Sales Category,Aged Parmesan,,,1.99,30,59.7,0,59.7,
No Sales Category,Aged Parmesan,Order Note: Doordash Marketplace,,,9,0,0,0,
No Sales Category,Tomato Basil Pasta,,,10.881754385964912,22,243.7,0,243.7,
No Sales Category,Tomato Basil Pasta,No hot spices,,,1,0,0,0,
No Sales Category,Tomato Basil Pasta,NO CHEESE PLEASE,,,1,0,0,0,
No Sales Category,Tomato Basil Pasta,Sauce on the side please,,,1,0,0,0,
No Sales Category,Tomato Basil Pasta,Italian Sausage,,,5,14.95,0,14.95,
No Sales Category,Tomato Basil Pasta,Chicken,,,2,5.98,0,5.98,
No Sales Category,Tomato Basil Pasta,Order Note: Doordash Marketplace,,,1,0,0,0,
No Sales Category,Tomato Basil Pasta,Ghee Mushroom,,,1,2.99,0,2.99,
No Sales Category,Beef Pepperoni,,,20.43366061690525,644,12988.13,0,12988.13,
No Sales Category,Beef Pepperoni,Green Peppers,,,13,12.87,0,12.87,
No Sales Category,Beef Pepperoni,Hot Honey,,,40,42.6,0,42.6,
No Sales Category,Beef Pepperoni,extra marinara sauce please,,,1,0,0,0,
No Sales Category,Beef Pepperoni,Onion,,,18,17.82,0,17.82,
No Sales Category,Beef Pepperoni,Order Note: Please see sauce substitution request on cheese pizza order,,,1,0,0,0,
No Sales Category,Beef Pepperoni,I selected extra pepperoni- make sure to put that extra pepperoni on there. Thank you :-),,,1,0,0,0,
No Sales Category,Beef Pepperoni,Jhura Beef,,,1,2.99,0,2.99,
No Sales Category,Beef Pepperoni,Extra sauce please!,,,1,0,0,0,
No Sales Category,Beef Pepperoni,Extra basil please,,,1,0,0,0,
No Sales Category,Beef Pepperoni,Order Note: excited to try your pizzas,,,1,0,0,0,
No Sales Category,Beef Pepperoni,Order Note: Gate code 8888 please call if lost,,,1,0,0,0,
No Sales Category,Beef Pepperoni,1/2 cheese
1/2 pepperoni,,,1,0,0,0,
No Sales Category,Beef Pepperoni,Order Note: Keep ready for Iftar thank you,,,1,0,0,0,
No Sales Category,Beef Pepperoni,Chicken Chunks,,,2,5.98,0,5.98,
No Sales Category,Beef Pepperoni,JalapeÃ±os on half only,,,3,0,0,0,
No Sales Category,Beef Pepperoni,Light on the cheese,,,1,0,0,0,
No Sales Category,Beef Pepperoni,Order Note: Leave at front door,,,1,0,0,0,
No Sales Category,Beef Pepperoni,14" LARGE,,,384,7104.16,0,7104.16,
No Sales Category,Beef Pepperoni,Order Note: Doordash Marketplace,,,59,0,0,0,
No Sales Category,Beef Pepperoni,Order Note: pls add extra sauce.  Thank you,,,1,0,0,0,
No Sales Category,Beef Pepperoni,Green peppers on half,,,1,0,0,0,
No Sales Category,Beef Pepperoni,Artichoke Hearts,,,1,1.99,0,1.99,
No Sales Category,Beef Pepperoni,Extra basil please!,,,1,0,0,0,
No Sales Category,Beef Pepperoni,Order Note: No olives on the veggie please,,,1,0,0,0,
No Sales Category,Beef Pepperoni,Order Note: Cilantro on side please,,,1,0,0,0,
No Sales Category,Beef Pepperoni,Light sauce,,,2,0,0,0,
No Sales Category,Beef Pepperoni,No basil,,,1,0,0,0,
No Sales Category,Beef Pepperoni,no spicy please,,,1,0,0,0,
No Sales Category,Beef Pepperoni,Add extra basil please!,,,1,0,0,0,
No Sales Category,Beef Pepperoni,Order Note: First time eating here| excited to try it!,,,1,0,0,0,
No Sales Category,Beef Pepperoni,If you can cut these in party style/squares that would be awesome! If not don't sweat it <3,,,1,0,0,0,
No Sales Category,Beef Pepperoni,Extra sauce,,,1,0,0,0,
No Sales Category,Beef Pepperoni,No basil please,,,1,0,0,0,
No Sales Category,Beef Pepperoni,16" XLARGE,,,260,5557.97,0,5557.97,
No Sales Category,Beef Pepperoni,Sauteed Ghee Mushrooms,,,28,55.72,0,55.72,
No Sales Category,Beef Pepperoni,Jalapeno,,,31,30.69,0,30.69,
No Sales Category,Beef Pepperoni,Extra Cheese,,,15,29.85,0,29.85,
No Sales Category,Beef Pepperoni,Order Note: Pick up by Max.,,,1,0,0,0,
No Sales Category,Beef Pepperoni,Pepperoni,,,10,29.9,0,29.9,
No Sales Category,Beef Pepperoni,Order Note: Well done,,,1,0,0,0,
No Sales Category,Beef Pepperoni,Please put jalapeÃ±os on only half of the pizza,,,1,0,0,0,
No Sales Category,Beef Pepperoni,Turkey Bacon,,,2,5.98,0,5.98,
No Sales Category,Beef Pepperoni,Side of jalapeÃ±o please.,,,1,0,0,0,
No Sales Category,Beef Pepperoni,No basil at all. And only put pepperonis on one side. Thanks!,,,1,0,0,0,
No Sales Category,Beef Pepperoni,Order Note: This is our third time now. We love the pizzas!,,,1,0,0,0,
No Sales Category,Beef Pepperoni,Black Olives,,,16,20.84,0,20.84,
No Sales Category,Beef Pepperoni,Italian Sausage,,,23,68.77,0,68.77,
No Sales Category,Beef Pepperoni,Can we get extra beef pepperoni please.,,,1,0,0,0,
No Sales Category,Beef Pepperoni,Order Note: Please everything halal ( including bacon and pepperoni) thank you!,,,1,0,0,0,
No Sales Category,Beef Pepperoni,Light sauce please,,,1,0,0,0,
No Sales Category,Beef Pepperoni,Order Note: Hi| thanks for being open today.,,,1,0,0,0,
No Sales Category,Beef Pepperoni,Extra pepperoni please,,,1,0,0,0,
No Sales Category,Beef Pepperoni,Can you please add ton of basil? Thank you!!,,,1,0,0,0,
No Sales Category,Naga Habanero Mushroom,,,20.376610169491524,65,1322.14,0,1322.14,
No Sales Category,Naga Habanero Mushroom,16" XLARGE,,,30,638.72,0,638.72,
No Sales Category,Naga Habanero Mushroom,Medium,,,43,0,0,0,
No Sales Category,Naga Habanero Mushroom,Black Olives,,,4,6.96,0,6.96,
No Sales Category,Naga Habanero Mushroom,Pepperoni,,,4,11.96,0,11.96,
No Sales Category,Naga Habanero Mushroom,Italian Sausage,,,2,5.98,0,5.98,
No Sales Category,Naga Habanero Mushroom,Order Note: Doordash Marketplace,,,3,0,0,0,
No Sales Category,Naga Habanero Mushroom,Green Peppers,,,2,1.98,0,1.98,
No Sales Category,Naga Habanero Mushroom,NO CILANTRO PLEASE,,,1,0,0,0,
No Sales Category,Naga Habanero Mushroom,Jalapeno,,,1,0.99,0,0.99,
No Sales Category,Naga Habanero Mushroom,:),,,1,0,0,0,
No Sales Category,Naga Habanero Mushroom,14" LARGE,,,35,639.65,0,639.65,
No Sales Category,Naga Habanero Mushroom,Onion,,,6,5.94,0,5.94,
No Sales Category,Naga Habanero Mushroom,Order Note: Please deliver hot at 720,,,1,0,0,0,
No Sales Category,Naga Habanero Mushroom,Spicy Balachao(Fermented Shrimp),,,1,1.99,0,1.99,
No Sales Category,Naga Habanero Mushroom,No cilantro,,,1,0,0,0,
No Sales Category,Naga Habanero Mushroom,No cilantro please.,,,1,0,0,0,
No Sales Category,Naga Habanero Mushroom,Spicy,,,12,0,0,0,
No Sales Category,Naga Habanero Mushroom,Mild,,,10,0,0,0,
No Sales Category,Naga Habanero Mushroom,Jhura Beef,,,2,5.98,0,5.98,
No Sales Category,Naga Habanero Mushroom,Sauteed Ghee Mushrooms,,,1,1.99,0,1.99,
No Sales Category,Chicken Wrap,,,8.158755555555556,134,1083.65,0,1083.65,
No Sales Category,Chicken Wrap,Harissa Aoili,,,11,0,0,0,
No Sales Category,Chicken Wrap,Ranch,,,21,0,0,0,
No Sales Category,Chicken Wrap,Order Note: Doordash Marketplace,,,5,0,0,0,
No Sales Category,Chicken Wrap,Very low spice please (MILD),,,2,0,0,0,
No Sales Category,Chicken Wrap,Extra spicy,,,1,0,0,0,
No Sales Category,Chicken Wrap,Garlic Mayo,,,32,0,0,0,
No Sales Category,Chicken Wrap,I want it be extra extra extra spicy,,,1,0,0,0,
No Sales Category,Chicken Wrap,Honey Mustard,,,4,0,0,0,
No Sales Category,Chicken Wrap,JalapeÃ±o Ranch,,,4,0,0,0,
No Sales Category,Chicken Wrap,Spicy naga sauce on side please,,,1,0,0,0,
No Sales Category,Chicken Wrap,No onions,,,1,0,0,0,
No Sales Category,Chicken Wrap,My wife farha (mahmuda ahmed) will pick it up.,,,1,0,0,0,
No Sales Category,Chicken Wrap,Naga Habanero,,,64,0,0,0,
No Sales Category,Chicken Wrap,Extra Meat,,,1,0.99,0,0.99,
No Sales Category,Alfredo Cheese Pizza,,,18.666209349593498,94,1748.03,0,1748.03,
No Sales Category,Alfredo Cheese Pizza,14" LARGE,,,71,1198.29,0,1198.29,
No Sales Category,Alfredo Cheese Pizza,Order Note: Doordash Marketplace,,,17,0,0,0,
No Sales Category,Alfredo Cheese Pizza,Pepperoni,,,10,29.9,0,29.9,
No Sales Category,Alfredo Cheese Pizza,Order Note: Hilton Garden Inn,,,1,0,0,0,
No Sales Category,Alfredo Cheese Pizza,Spicy Balachao(Fermented Shrimp),,,1,1.99,0,1.99,
No Sales Category,Alfredo Cheese Pizza,Extra Cheese,,,1,1.99,0,1.99,
No Sales Category,Alfredo Cheese Pizza,Jhura Beef,,,1,2.99,0,2.99,
No Sales Category,Alfredo Cheese Pizza,Cilantro,,,1,0.99,0,0.99,
No Sales Category,Alfredo Cheese Pizza,Italian Sausage,,,7,20.93,0,20.93,
No Sales Category,Alfredo Cheese Pizza,Onion,,,1,0.99,0,0.99,
No Sales Category,Alfredo Cheese Pizza,Parsley on top,,,1,0,0,0,
No Sales Category,Alfredo Cheese Pizza,Mushrooms only on half please,,,1,0,0,0,
No Sales Category,Alfredo Cheese Pizza,16" XLARGE,,,23,424.3,0,424.3,
No Sales Category,Alfredo Cheese Pizza,Black Olives,,,9,9.91,0,9.91,
No Sales Category,Alfredo Cheese Pizza,Sauteed Ghee Mushrooms,,,5,9.95,0,9.95,
No Sales Category,Alfredo Cheese Pizza,Chicken Chunks,,,10,29.9,0,29.9,
No Sales Category,Alfredo Cheese Pizza,Turkey Bacon,,,3,8.97,0,8.97,
No Sales Category,Alfredo Cheese Pizza,Sausage only on half,,,1,0,0,0,
No Sales Category,Alfredo Cheese Pizza,Hot Honey,,,2,1.98,0,1.98,
No Sales Category,Alfredo Cheese Pizza,Jalapeno,,,1,0.99,0,0.99,
No Sales Category,Alfredo Cheese Pizza,Order Note: 848151,,,1,0,0,0,
No Sales Category,Alfredo Cheese Pizza,Green Peppers,,,4,3.96,0,3.96,
No Sales Category,Red Peppers Bags 3,,,0.899090909090909,25,22.75,0,22.75,
No Sales Category,Red Peppers Bags 3,Order Note: Doordash Marketplace,,,6,0,0,0,
No Sales Category,Spicy Italian,,,20.92,7,146.44,0,146.44,
No Sales Category,Spicy Italian,No onions please,,,1,0,0,0,
No Sales Category,Spicy Italian,14" LARGE,,,6,121.94,0,121.94,
No Sales Category,Spicy Italian,16" XLARGE,,,1,24.5,0,24.5,
No Sales Category,Naga Habanero Balachao,,,17.665294117647058,39,687.57,0,687.57,
No Sales Category,Naga Habanero Balachao,16" XLARGE,,,11,207.89,0,207.89,
No Sales Category,Naga Habanero Balachao,Medium,,,14,0,0,0,
No Sales Category,Naga Habanero Balachao,Green Peppers,,,1,0.99,0,0.99,
No Sales Category,Naga Habanero Balachao,Jalapeno,,,1,0.99,0,0.99,
No Sales Category,Naga Habanero Balachao,Sauteed Ghee Mushrooms,,,1,1.99,0,1.99,
No Sales Category,Naga Habanero Balachao,14" LARGE,,,28,472.72,0,472.72,
No Sales Category,Naga Habanero Balachao,Spicy,,,5,0,0,0,
No Sales Category,Naga Habanero Balachao,Order Note: Doordash Marketplace,,,2,0,0,0,
No Sales Category,Naga Habanero Balachao,Jhura Beef,,,1,2.99,0,2.99,
No Sales Category,Naga Habanero Balachao,Mild,,,5,0,0,0,
No Sales Category,Beef Taco Pizza,,,22.37376470588235,115,2572.79,0,2572.79,
No Sales Category,Beef Taco Pizza,Jhura Beef,,,1,2.99,0,2.99,
No Sales Category,Beef Taco Pizza,Order Note: Can you please cut it into small squares instead of slices!,,,1,0,0,0,
No Sales Category,Beef Taco Pizza,May I get extra cilantro itâ€™s my birthday todayyyy,,,1,0,0,0,
No Sales Category,Beef Taco Pizza,please slice into 7 slices,,,1,0,0,0,
No Sales Category,Beef Taco Pizza,1/2 without cilantro and onions,,,1,0,0,0,
No Sales Category,Beef Taco Pizza,No cilantro on the top please. No Cilantro,,,1,0,0,0,
No Sales Category,Beef Taco Pizza,Order Note: SQUARE CUT PLEASE - ALL PIZZAS,,,1,0,0,0,
No Sales Category,Beef Taco Pizza,No onions please,,,1,0,0,0,
No Sales Category,Beef Taco Pizza,16" XLARGE,,,51,1195.49,0,1195.49,
No Sales Category,Beef Taco Pizza,Sauteed Ghee Mushrooms,,,1,1.99,0,1.99,
No Sales Category,Beef Taco Pizza,No onions,,,1,0,0,0,
No Sales Category,Beef Taco Pizza,Cilantro,,,1,0.99,0,0.99,
No Sales Category,Beef Taco Pizza,Order Note: Doordash Marketplace,,,4,0,0,0,
No Sales Category,Beef Taco Pizza,Jalapeno,,,3,2.97,0,2.97,
No Sales Category,Beef Taco Pizza,14" LARGE,,,64,1368.36,0,1368.36,
No Sales Category,Beef Taco Pizza,Please put onion only on half of the pizza,,,1,0,0,0,
No Sales Category,Beef Taco Pizza,No onion please,,,1,0,0,0,
No Sales Category,Beef Taco Pizza,No onions| please...I love onions but my wife has to be all bossy and say No Onions.,,,1,0,0,0,
No Sales Category,Beef Taco Pizza,I would like to pick up at 1pm. Please time my order accordingly if you can so it stays hot.,,,1,0,0,0,
No Sales Category,Beef Taco Pizza,Order Note: No cilantro on anything please. No cilantro,,,1,0,0,0,
No Sales Category,Mushroom Wrap,,,8.682307692307692,12,104.88,0,104.88,
No Sales Category,Mushroom Wrap,Ranch,,,2,0,0,0,
No Sales Category,Mushroom Wrap,Harissa Aoili,,,4,0,0,0,
No Sales Category,Mushroom Wrap,Garlic Mayo,,,3,0,0,0,
No Sales Category,Mushroom Wrap,No mozzarella and no cheddar| please,,,1,0,0,0,
No Sales Category,Mushroom Wrap,Honey Mustard,,,1,0,0,0,
No Sales Category,Mushroom Wrap,Naga Habanero,,,2,0,0,0,
No Sales Category,Cheddar Birds,,,21.046666666666667,27,569.7,0,569.7,
No Sales Category,Cheddar Birds,Light jalapeÃ±os,,,1,0,0,0,
No Sales Category,Cheddar Birds,Onion,,,2,1.98,0,1.98,
No Sales Category,Cheddar Birds,jalapeÃ±o only on half,,,1,0,0,0,
No Sales Category,Cheddar Birds,14" LARGE,,,15,301.85,0,301.85,
No Sales Category,Cheddar Birds,16" XLARGE,,,12,263.88,0,263.88,
No Sales Category,Cheddar Birds,Extra Cheese,,,1,1.99,0,1.99,
No Sales Category,Cheddar Birds,Well done,,,1,0,0,0,
No Sales Category,Cheddar Birds,Jalepenos on half please,,,1,0,0,0,
No Sales Category,Cheddar Birds,Lite cheddar cheese,,,1,0,0,0,
No Sales Category,Customized Pizza,,,22.27008064516129,72,1592.41,0,1592.41,
No Sales Category,Customized Pizza,Sauteed Ghee Mushrooms,,,19,37.81,0,37.81,
No Sales Category,Customized Pizza,Alfredo Sauce,,,12,0,0,0,
No Sales Category,Customized Pizza,Mushrooms only on half,,,1,0,0,0,
No Sales Category,Customized Pizza,Extra red sauce!!!
Only half pepperoni,,,1,0,0,0,
No Sales Category,Customized Pizza,No Cheese on the pizza,,,1,0,0,0,
No Sales Category,Customized Pizza,Double everything,,,1,0,0,0,
No Sales Category,Customized Pizza,Order Note: Double everything,,,1,0,0,0,
No Sales Category,Customized Pizza,Onion,,,21,20.79,0,20.79,
No Sales Category,Customized Pizza,Jhura Beef,,,5,14.95,0,14.95,
No Sales Category,Customized Pizza,Sharp Cheddar,,,2,3.98,0,3.98,
No Sales Category,Customized Pizza,Extra Cheese,,,7,13.93,0,13.93,
No Sales Category,Customized Pizza,HALF the usual amount of cheese please| DOUBLE the usual amount of sauce please,,,1,0,0,0,
No Sales Category,Customized Pizza,No cheese please- I know itâ€™s weird.,,,1,0,0,0,
No Sales Category,Customized Pizza,Turkey Bacon on only half of the pizza| please.,,,1,0,0,0,
No Sales Category,Customized Pizza,Please extra sauce & please please can you write on the box â€œPizza on meâ€ Iâ€™m ordering for my family itâ€™s a little joke between us please!,,,1,0,0,0,
No Sales Category,Customized Pizza,Red Sauce,,,60,0,0,0,
No Sales Category,Customized Pizza,14" LARGE,,,45,722.55,0,722.55,
No Sales Category,Customized Pizza,16" XLARGE,,,27,488.73,0,488.73,
No Sales Category,Customized Pizza,Jalapeno,,,12,11.88,0,11.88,
No Sales Category,Customized Pizza,Green Peppers,,,18,17.82,0,17.82,
No Sales Category,Customized Pizza,Turkey Bacon,,,8,23.92,0,23.92,
No Sales Category,Customized Pizza,Italian Sausage,,,14,41.86,0,41.86,
No Sales Category,Customized Pizza,Please  add parsley.,,,1,0,0,0,
No Sales Category,Customized Pizza,Black Olives,,,3,5.97,0,5.97,
No Sales Category,Customized Pizza,Parmesan,,,3,5.97,0,5.97,
No Sales Category,Customized Pizza,Jalapenos on Half| please! Thank you!,,,1,0,0,0,
No Sales Category,Customized Pizza,FOR A VEGAN: No cheese please| extra sauce if possible. thank you so much!,,,1,0,0,0,
No Sales Category,Customized Pizza,Chicken Chunks,,,13,38.87,0,38.87,
No Sales Category,Customized Pizza,Mozzarella,,,28,55.72,0,55.72,
No Sales Category,Customized Pizza,Pepperoni,,,27,80.73,0,80.73,
No Sales Category,Customized Pizza,Light on the tomato/pizza  sauce,,,1,0,0,0,
No Sales Category,Customized Pizza,Hot Honey,,,6,5.94,0,5.94,
No Sales Category,Customized Pizza,Order Note: Extra sauce on both pizzas please - and no cheese on the mushroom one; light amount of cheese on the green pepper one please,,,1,0,0,0,
No Sales Category,Customized Pizza,Cilantro,,,1,0.99,0,0.99,
No Sales Category,Bengali Beef Pesto (Contains Nuts),,,25.048447916666667,219,5484.01,0,5484.01,
No Sales Category,Bengali Beef Pesto (Contains Nuts),Sauteed Ghee Mushrooms,,,4,7.96,0,7.96,
No Sales Category,Bengali Beef Pesto (Contains Nuts),Half meat lovers,,,1,0,0,0,
No Sales Category,Bengali Beef Pesto (Contains Nuts),Cut into squares if possible :),,,1,0,0,0,
No Sales Category,Bengali Beef Pesto (Contains Nuts),Can I do half jhura beef and half spicy naga chicken pizza?,,,1,0,0,0,
No Sales Category,Bengali Beef Pesto (Contains Nuts),Green Peppers,,,2,1.98,0,1.98,
No Sales Category,Bengali Beef Pesto (Contains Nuts),14" LARGE,,,154,3677.46,0,3677.46,
No Sales Category,Bengali Beef Pesto (Contains Nuts),Hot Honey,,,3,2.97,0,2.97,
No Sales Category,Bengali Beef Pesto (Contains Nuts),Jalapeno,,,2,1.98,0,1.98,
No Sales Category,Bengali Beef Pesto (Contains Nuts),Order Note: Nakee will be picking it up,,,1,0,0,0,
No Sales Category,Bengali Beef Pesto (Contains Nuts),Can I get a side of harissa sauce,,,1,0,0,0,
No Sales Category,Bengali Beef Pesto (Contains Nuts),Order Note: Doordash Marketplace,,,8,0,0,0,
No Sales Category,Bengali Beef Pesto (Contains Nuts),Onion,,,9,8.91,0,8.91,
No Sales Category,Bengali Beef Pesto (Contains Nuts),Black Olives,,,2,2.98,0,2.98,
No Sales Category,Bengali Beef Pesto (Contains Nuts),Turkey Bacon,,,1,2.99,0,2.99,
No Sales Category,Bengali Beef Pesto (Contains Nuts),Jhura Beef,,,2,5.98,0,5.98,
No Sales Category,Bengali Beef Pesto (Contains Nuts),Chicken Chunks,,,1,2.99,0,2.99,
No Sales Category,Bengali Beef Pesto (Contains Nuts),Order Note: please do half jhura beef and half spicy naga chicken| medium spicy for the naga,,,1,0,0,0,
No Sales Category,Bengali Beef Pesto (Contains Nuts),If possible| please do half beef pesto/half chicken Alfredo pizza please,,,1,0,0,0,
No Sales Category,Bengali Beef Pesto (Contains Nuts),Hot honey on the side,,,1,0,0,0,
No Sales Category,Bengali Beef Pesto (Contains Nuts),16" XLARGE,,,65,1757.86,0,1757.86,
No Sales Category,Bengali Beef Pesto (Contains Nuts),Extra Cheese,,,5,9.95,0,9.95,
No Sales Category,Bengali Beef Pesto (Contains Nuts),Order Note: Will be picked up by Zabir,,,1,0,0,0,
No Sales Category,Bengali Beef Pesto (Contains Nuts),Would like 1/2 Jura Beef and 1/2 Spicy Naga,,,1,0,0,0,
No Sales Category,Bongo Tex Mex,,,20.594107142857144,34,699.06,0,699.06,
No Sales Category,Bongo Tex Mex,Italian Sausage,,,1,2.99,0,2.99,
No Sales Category,Bongo Tex Mex,Order Note: Pick up by Shams Baiani,,,1,0,0,0,
No Sales Category,Bongo Tex Mex,Order Note: Doordash Marketplace,,,1,0,0,0,
No Sales Category,Bongo Tex Mex,Pepperoni,,,1,2.99,0,2.99,
No Sales Category,Bongo Tex Mex,16 inces XLARGE,,,13,274.38,0,274.38,
No Sales Category,Bongo Tex Mex,Chicken Chunks,,,2,5.98,0,5.98,
No Sales Category,Bongo Tex Mex,No onion please,,,1,0,0,0,
No Sales Category,Bongo Tex Mex,14" LARGE,,,21,400.79,0,400.79,
No Sales Category,Bongo Tex Mex,Sauteed Ghee Mushrooms,,,1,1.99,0,1.99,
No Sales Category,Bongo Tex Mex,Onion,,,1,0.99,0,0.99,
No Sales Category,Bongo Tex Mex,Jhura Beef,,,1,2.99,0,2.99,
No Sales Category,Bongo Tex Mex,Jalapeno,,,1,0.99,0,0.99,
No Sales Category,Bongo Tex Mex,No onions,,,2,0,0,0,
No Sales Category,Bongo Tex Mex,Hot Honey,,,2,1.98,0,1.98,
No Sales Category,Bongo Tex Mex,No jalapeÃ±os please,,,1,0,0,0,
No Sales Category,Bongo Tex Mex,Turkey Bacon,,,1,2.99,0,2.99,
No Sales Category,Paneer Wrap,,,8.49,12,101.88,0,101.88,
No Sales Category,Paneer Wrap,Order Note: Doordash Marketplace,,,1,0,0,0,
No Sales Category,Paneer Wrap,Harissa Aoili,,,4,0,0,0,
No Sales Category,Paneer Wrap,JalapeÃ±o Ranch,,,2,0,0,0,
No Sales Category,Paneer Wrap,Ranch,,,2,0,0,0,
No Sales Category,Paneer Wrap,Garlic Mayo,,,2,0,0,0,
No Sales Category,Paneer Wrap,Naga Habanero,,,2,0,0,0,
No Sales Category,Garlic Artichoke,,,20.2375,4,80.95,0,80.95,
No Sales Category,Garlic Artichoke,Pepperoni,,,1,2.99,0,2.99,
No Sales Category,Garlic Artichoke,16" XLARGE,,,1,20.99,0,20.99,
No Sales Category,Garlic Artichoke,Pepperoni only on half| thanks!,,,1,0,0,0,
No Sales Category,Garlic Artichoke,14" LARGE,,,3,56.97,0,56.97,
No Sales Category,Hot Honey,,,1.99,187,372.13,0,372.13,
No Sales Category,Hot Honey,Order Note: Can you cut smaller slices? No big deal if not!,,,2,0,0,0,
No Sales Category,Hot Honey,Order Note: Hot honey on the side please,,,1,0,0,0,
No Sales Category,Hot Honey,Order Note: Knock plz,,,1,0,0,0,
No Sales Category,Hot Honey,Order Note: Doordash Marketplace,,,16,0,0,0,
No Sales Category,Korean BBQ,,,23.694318181818183,30,710.69,0,710.69,
No Sales Category,Korean BBQ,Cilantro,,,1,0.99,0,0.99,
No Sales Category,Korean BBQ,Chicken,,,5,0,0,0,
No Sales Category,Korean BBQ,16" XLARGE,,,6,151.94,0,151.94,
No Sales Category,Korean BBQ,Beef(Recommended),,,25,0,0,0,
No Sales Category,Korean BBQ,14" LARGE,,,24,557.76,0,557.76,
No Sales Category,Korean BBQ,Order Note: Doordash Marketplace,,,2,0,0,0,
No Sales Category,Beef Chopped Cheese,,,8.325142857142858,108,886.88,0,886.88,
No Sales Category,Beef Chopped Cheese,Honey Mustard,,,7,0,0,0,
No Sales Category,Beef Chopped Cheese,Extra Meat,,,2,5.98,0,5.98,
No Sales Category,Beef Chopped Cheese,JalapeÃ±o Ranch,,,3,0,0,0,
No Sales Category,Beef Chopped Cheese,Ranch,,,7,0.99,0,0.99,
No Sales Category,Beef Chopped Cheese,Naga Habanero,,,49,0,0,0,
No Sales Category,Beef Chopped Cheese,Extra spicy,,,1,0,0,0,
No Sales Category,Beef Chopped Cheese,Sauce on the side| if possible please,,,1,0,0,0,
No Sales Category,Beef Chopped Cheese,Harissa Aoili,,,7,0,0,0,
No Sales Category,Beef Chopped Cheese,Order Note: extra napkins,,,1,0,0,0,
No Sales Category,Beef Chopped Cheese,No bell peppers,,,1,0,0,0,
No Sales Category,Beef Chopped Cheese,No dairy or cheese. Dairy| soy| and egg allergy,,,1,0,0,0,
No Sales Category,Beef Chopped Cheese,No bell pepper,,,2,0,0,0,
No Sales Category,Beef Chopped Cheese,Garlic Mayo,,,39,0.99,0,0.99,
No Sales Category,Beef Chopped Cheese,Light on the cheese,,,1,0,0,0,
No Sales Category,Beef Chopped Cheese,Add Chopped Chillis,,,1,0,0,0,
No Sales Category,Beef Chopped Cheese,Order Note: Doordash Marketplace,,,4,0,0,0,
No Sales Category,Beef Chopped Cheese,Please keep the dressing on the side,,,1,0,0,0,
No Sales Category,Beef Chopped Cheese,no bell peppers and onions,,,2,0,0,0,
No Sales Category,Ranch,,,1.6335406698564594,414,661.86,0,661.86,
No Sales Category,Ranch,Order Note: Doordash Marketplace,,,33,0,0,0,
No Sales Category,Ranch,Order Note: TEST ORDER,,,1,0,0,0,
No Sales Category,Alfredo Pasta,,,11.97174418604651,53,637.11,0,637.11,
No Sales Category,Alfredo Pasta,pls remove the parsley,,,1,0,0,0,
No Sales Category,Alfredo Pasta,Chicken,,,28,83.72,0,83.72,
No Sales Category,Alfredo Pasta,No parsley pls,,,0,0,0,0,
No Sales Category,Alfredo Pasta,Order Note: Doordash Marketplace,,,8,0,0,0,
No Sales Category,Alfredo Pasta,No mushrooms please,,,1,0,0,0,
No Sales Category,Alfredo Pasta,no parsley,,,1,0,0,0,
No Sales Category,Alfredo Pasta,Ghee Mushroom,,,8,23.92,0,23.92,
No Sales Category,Side Cilantro,,,0.6416666666666667,6,3.85,0,3.85,
No Sales Category,Side Basil,,,0.594,11,6.53,0,6.53,
No Sales Category,Side Basil,Order Note: Doordash Marketplace,,,1,0,0,0,
No Sales Category,Water (small),,,1.99,11,21.89,0,21.89,
No Sales Category,Water (small),Water,,,1,0,0,0,
No Sales Category,Parmesan Bags 3,,,0.85,23,18.77,0,18.77,
No Sales Category,Parmesan Bags 3,Order Note: Doordash Marketplace,,,8,0,0,0,
No Sales Category,Side Banana Peppers,,,0.99,3,2.97,0,2.97,
No Sales Category,Side Jalapeno,,,0.99,11,10.89,0,10.89,
No Sales Category,Side Olives,,,0.99,5,4.95,0,4.95,
Pizza,,,,15.07,8459,127445.38999999998,1442.0999999999997,125915.83000000003,
Pizza,Meatlovers Pizza,,,23.02802452619844,493,11320.27,90.43,11207.85,
Pizza,Meatlovers Pizza,Jalapeno,,,12,11.88,0,11.88,
Pizza,Meatlovers Pizza,16 inces XLARGE,,,227,5421.73,0,5421.73,
Pizza,Meatlovers Pizza,Extra Cheese,,,7,13.93,0,13.93,
Pizza,Meatlovers Pizza,Old Recipe,,,1,0,0,0,
Pizza,Meatlovers Pizza,Artichoke Hearts,,,2,3.98,0,3.98,
Pizza,Meatlovers Pizza,Hot Honey,,,10,14.9,0,14.9,
Pizza,Meatlovers Pizza,Ranch,,,1,0,0,0,
Pizza,Meatlovers Pizza,Spicy Balachao(Fermented Shrimp),,,1,1.99,0,1.99,
Pizza,Meatlovers Pizza,Ontop,,,1,0,0,0,
Pizza,Meatlovers Pizza,No T Urkey Baco,,,1,0,0,0,
Pizza,Meatlovers Pizza,Black Olives,,,5,9.95,0,9.95,
Pizza,Meatlovers Pizza,14" LARGE,,,266,5773.34,0,5773.34,
Pizza,Meatlovers Pizza,Italian Sausage,,,3,8.97,0,8.97,
Pizza,Meatlovers Pizza,Turkey Bacon,,,1,2.99,0,2.99,
Pizza,Meatlovers Pizza,Garlic Ghee Mushrooms,,,4,7.96,0,7.96,
Pizza,Meatlovers Pizza,Alfrado Sauce,,,1,0,0,0,
Pizza,Meatlovers Pizza,Jhura Beef,,,1,2.99,0,2.99,
Pizza,Meatlovers Pizza,Swap Pepperoni For Sausage,,,1,0,0,0,
Pizza,Meatlovers Pizza,Halff Cheese,,,1,0,0,0,
Pizza,Meatlovers Pizza,Onion,,,17,16.83,0,16.83,
Pizza,Meatlovers Pizza,Green Peppers,,,11,10.89,0,10.89,
Pizza,Meatlovers Pizza,Instead Of Turkey Put Onions And Green Peppers,,,1,0,0,0,
Pizza,Meatlovers Pizza,Chicken Chunks,,,4,11.96,0,11.96,
Pizza,Meatlovers Pizza,Naga Dip,,,1,0,0,0,
Pizza,Meatlovers Pizza,Nagasauce,,,1,0,0,0,
Pizza,Meatlovers Pizza,Pepperoni,,,2,5.98,0,5.98,
Pizza,Meatlovers Pizza,No Turckey,,,1,0,0,0,
Pizza,Veggie Pizza,,,19.04561797752809,96,1831.64,4.25,1827.39,
Pizza,Veggie Pizza,14" LARGE,,,56,989.44,0,989.44,
Pizza,Veggie Pizza,Naga - Medium,,,1,0,0,0,
Pizza,Veggie Pizza,No Green,,,1,0,0,0,
Pizza,Veggie Pizza,No Cheese,,,1,0,0,0,
Pizza,Veggie Pizza,Mushroom On Half,,,1,0,0,0,
Pizza,Veggie Pizza,No Black Olives,,,1,0,0,0,
Pizza,Veggie Pizza,Onion,,,1,0.99,0,0.99,
Pizza,Veggie Pizza,16" XLARGE,,,40,766.6,0,766.6,
Pizza,Veggie Pizza,No Jala,,,1,0,0,0,
Pizza,Veggie Pizza,Harissa On Top,,,1,1.99,0,1.99,
Pizza,Veggie Pizza,No Olives Light On Cheese Well Done,,,1,0,0,0,
Pizza,Veggie Pizza,Chicken Chunks,,,7,20.93,0,20.93,
Pizza,Veggie Pizza,Extra Cheese,,,1,1.99,0,1.99,
Pizza,Veggie Pizza,No Blqck Olives,,,1,0,0,0,
Pizza,Veggie Pizza,Jhura Beef,,,1,2.99,0,2.99,
Pizza,Veggie Pizza,Artichoke Hearts,,,1,1.99,0,1.99,
Pizza,Veggie Pizza,Chick On Half,,,1,0,0,0,
Pizza,Veggie Pizza,No Olices,,,1,0,0,0,
Pizza,Veggie Pizza,Light Chesse,,,1,0,0,0,
Pizza,Veggie Pizza,Green Peppers,,,1,0.99,0,0.99,
Pizza,Veggie Pizza,No Olives|less Cheese,,,1,0,0,0,
Pizza,Veggie Pizza,Italian Sausage,,,3,8.97,0,8.97,
Pizza,Veggie Pizza,Jalapeno,,,16,15.84,0,15.84,
Pizza,Veggie Pizza,Garlic Ghee Mushrooms,,,5,9.95,0,9.95,
Pizza,Veggie Pizza,Pepperoni,,,3,8.97,0,8.97,
Pizza,Veggie Pizza,No Olives,,,2,0,0,0,
Pizza,Veggie Pizza,No Bell Pepper,,,1,0,0,0,
Pizza,Veggie Pizza,No Olives Light Cheese,,,1,0,0,0,
Pizza,Veggie Pizza,No Oilves,,,1,0,0,0,
Pizza,Veggie Pizza,Light Cheese| Basil,,,1,0,0,0,
Pizza,Veggie Pizza,Half Veggies,,,1,0,0,0,
Pizza,Beef Pepperoni,,,19.30977456940223,590,11349.45,136.99,11194.47,
Pizza,Beef Pepperoni,Pepperoni,,,8,23.92,0,23.92,
Pizza,Beef Pepperoni,Green Peppers,,,6,5.94,0,5.94,
Pizza,Beef Pepperoni,Crispy,,,1,0,0,0,
Pizza,Beef Pepperoni,Half Pepperoni,,,2,0,0,0,
Pizza,Beef Pepperoni,No Pepperoni Put Sausage,,,1,0,0,0,
Pizza,Beef Pepperoni,16" XLARGE,,,202,4164.98,0,4164.98,
Pizza,Beef Pepperoni,Garlic Ghee Mushrooms,,,16,31.84,0,31.84,
Pizza,Beef Pepperoni,Well Done,,,2,0,0,0,
Pizza,Beef Pepperoni,Jalapeno,,,29,28.71,0,28.71,
Pizza,Beef Pepperoni,Hot Honey,,,27,44.75,0,44.75,
Pizza,Beef Pepperoni,Half Gp mush,,,1,0,0,0,
Pizza,Beef Pepperoni,Extra Cheese,,,4,7.96,0,7.96,
Pizza,Beef Pepperoni,Halfpep,,,1,0,0,0,
Pizza,Beef Pepperoni,Extra Sauce,,,1,0,0,0,
Pizza,Beef Pepperoni,Only Half Pepperoni,,,1,0,0,0,
Pizza,Beef Pepperoni,No Basil,,,1,0,0,0,
Pizza,Beef Pepperoni,Olives On Half,,,1,0,0,0,
Pizza,Beef Pepperoni,14" LARGE,,,387,6843.13,0,6843.13,
Pizza,Beef Pepperoni,Italian Sausage,,,29,86.71,0,86.71,
Pizza,Beef Pepperoni,Half Cheese,,,3,0,0,0,
Pizza,Beef Pepperoni,Onion,,,10,9.9,0,9.9,
Pizza,Beef Pepperoni,Black Olives,,,1,0,0,0,
Pizza,Beef Pepperoni,3217 Overland Dr.,,,1,0,0,0,
Pizza,Beef Pepperoni,Hlfpep Welldone,,,1,0,0,0,
Pizza,Beef Pepperoni,Chicken Chunks,,,24,71.76,0,71.76,
Pizza,Beef Pepperoni,Turkey Bacon,,,3,8.97,0,8.97,
Pizza,Beef Pepperoni,Xtra Sauce,,,1,0,0,0,
Pizza,Beef Pepperoni,On Half,,,1,0,0,0,
Pizza,Beef Pepperoni,Half Pepn,,,1,0,0,0,
Pizza,Beef Pepperoni,Hot Honey On Pep,,,1,0,0,0,
Pizza,Beef Pepperoni,Half Pep,,,2,0,0,0,
Pizza,Beef Pepperoni,Side Basil,,,1,0,0,0,
Pizza,Beef Pepperoni,Half Jalapeno,,,1,0,0,0,
Pizza,Beef Pepperoni,16slices,,,2,0,0,0,
Pizza,Beef Pepperoni,Only Half Sausage,,,1,0,0,0,
Pizza,Half & Half,,,25.8495308431425,730,18854.14,52.24,18774.4,
Pizza,Half & Half,Spicy,,,24,0,0,0,
Pizza,Half & Half,Jhura Beef,,,199,2710.99,0,2710.99,
Pizza,Half & Half,No Cilantro,,,2,0,0,0,
Pizza,Half & Half,Hot Honey On Meat Lovers,,,1,0,0,0,
Pizza,Half & Half,Medium,,,32,0,0,0,
Pizza,Half & Half,4Cheez w/ Hot Honey,,,50,525,0,525,
Pizza,Half & Half,No Jalapenos,,,1,0,0,0,
Pizza,Half & Half,On Veggie Side,,,1,0,0,0,
Pizza,Half & Half,Well Done,,,1,0,0,0,
Pizza,Half & Half,Mediu,,,1,0,0,0,
Pizza,Half & Half,Pepperlovers W Chicken,,,1,0,0,0,
Pizza,Half & Half,Veggie Pizza,,,27,264,0,264,
Pizza,Half & Half,Naga Habanero Balachao,,,37,425.5,0,425.5,
Pizza,Half & Half,Meatlovers,,,130,1712.5,0,1712.5,
Pizza,Half & Half,16" XLARGE,,,730,2085,0,2085,
Pizza,Half & Half,Alfredo Chicken,,,52,580,0,580,
Pizza,Half & Half,Mild,,,20,0,0,0,
Pizza,Half & Half,Green Peppers,,,13,12.87,0,12.87,
Pizza,Half & Half,Pepperoni,,,6,17.94,0,17.94,
Pizza,Half & Half,Hot Honey,,,5,9.95,0,9.95,
Pizza,Half & Half,Naga Mushroom,,,12,121.5,0,121.5,
Pizza,Half & Half,Korean BBQ,,,22,253,0,253,
Pizza,Half & Half,Naga Habanero Mushroom,,,10,102.5,0,102.5,
Pizza,Half & Half,Red Sauce Instead Of White For Mushroom,,,1,0,0,0,
Pizza,Half & Half,Spicyyyy,,,1,0,0,0,
Pizza,Half & Half,No Turkey| Put Chicken,,,1,0,0,0,
Pizza,Half & Half,Harissa Chicken,,,98,1113,0,1113,
Pizza,Half & Half,Classic Cheese,,,81,729,0,729,
Pizza,Half & Half,Onion,,,17,16.83,0,16.83,
Pizza,Half & Half,Med,,,11,0,0,0,
Pizza,Half & Half,Garlic Ghee Mushrooms,,,7,13.93,0,13.93,
Pizza,Half & Half,Bongo,,,1,0,0,0,
Pizza,Half & Half,Nobasil On Regcheeseside,,,1,0,0,0,
Pizza,Half & Half,Mipd,,,1,0,0,0,
Pizza,Half & Half,Medium Spicy,,,2,0,0,0,
Pizza,Half & Half,No Olives,,,1,0,0,0,
Pizza,Half & Half,Turkey Bacon,,,1,2.99,0,2.99,
Pizza,Half & Half,No Onion,,,1,0,0,0,
Pizza,Half & Half,No Bheef|mushroom,,,1,0,0,0,
Pizza,Half & Half,Medium Spice,,,1,0,0,0,
Pizza,Half & Half,Naga Habanero Chicken,,,397,4448.5,0,4448.5,
Pizza,Half & Half,Beef Pepperoni,,,137,1524.5,0,1524.5,
Pizza,Half & Half,Garlic Ghee Mushroom,,,80,800,0,800,
Pizza,Half & Half,Italian Sausage,,,14,41.86,0,41.86,
Pizza,Half & Half,Alfredo Cheese,,,13,117,0,117,
Pizza,Half & Half,Extra Cheese,,,4,7.96,0,7.96,
Pizza,Half & Half,Taco Pizza,,,88,1005.5,0,1005.5,
Pizza,Half & Half,Black Olives,,,2,3.98,0,3.98,
Pizza,Half & Half,Jalapeno,,,9,8.91,0,8.91,
Pizza,Half & Half,Naga Habanero Paneer,,,14,147,0,147,
Pizza,Half & Half,Chicken Chunks,,,7,20.93,0,20.93,
Pizza,Half & Half,Low Spice,,,1,0,0,0,
Pizza,Half & Half,Garlic Artichoke,,,3,31.5,0,31.5,
Pizza,Half & Half,Medi,,,1,0,0,0,
Pizza,Half & Half,Light Olives Light Cilantro,,,1,0,0,0,
Pizza,Half & Half,Cilantro On Mushroom Side,,,1,0,0,0,
Pizza,Half & Half,Jalapeno On Classic Cheese,,,1,0,0,0,
Pizza,Half & Half,Naga Sauce On Side,,,1,0,0,0,
Pizza,Half & Half,Margarita,,,1,0,0,0,
Pizza,Half & Half,Halfcheese Halfmargarita,,,1,0,0,0,
Pizza,Water (small),,,1.7748275862068965,298,543.42,0,543.42,
Pizza,Naga Habanero Mushroom,,,19.661159420289856,71,1400.08,6.3,1393.78,
Pizza,Naga Habanero Mushroom,Pepperoni,,,1,2.99,0,2.99,
Pizza,Naga Habanero Mushroom,16" XLARGE,,,30,629.7,0,629.7,
Pizza,Naga Habanero Mushroom,Spicy,,,16,0,0,0,
Pizza,Naga Habanero Mushroom,Jhura Beef,,,2,5.98,0,5.98,
Pizza,Naga Habanero Mushroom,14" LARGE,,,41,737.59,0,737.59,
Pizza,Naga Habanero Mushroom,Jalapeno,,,3,2.97,0,2.97,
Pizza,Naga Habanero Mushroom,Green Peppers,,,1,0.99,0,0.99,
Pizza,Naga Habanero Mushroom,Mild,,,13,0,0,0,
Pizza,Naga Habanero Mushroom,Hot Honey,,,2,1.98,0,1.98,
Pizza,Naga Habanero Mushroom,Black Olives,,,2,3.98,0,3.98,
Pizza,Naga Habanero Mushroom,No Cheddar,,,1,0,0,0,
Pizza,Naga Habanero Mushroom,Chicken Chunks,,,1,2.99,0,2.99,
Pizza,Naga Habanero Mushroom,Onion,,,8,7.92,0,7.92,
Pizza,Naga Habanero Mushroom,Medium,,,42,0,0,0,
Pizza,Naga Habanero Mushroom,Italian Sausage,,,1,2.99,0,2.99,
Pizza,Classic Cheese Pizza,,,17.714508843537416,437,7704.34,107.08,7597.26,
Pizza,Classic Cheese Pizza,16" XLARGE,,,168,3040.32,0,3040.32,
Pizza,Classic Cheese Pizza,Black Olives,,,5,8.95,0,8.95,
Pizza,Classic Cheese Pizza,Half Turkey Half Greenpeppersonion,,,1,0,0,0,
Pizza,Classic Cheese Pizza,Well Done,,,1,0,0,0,
Pizza,Classic Cheese Pizza,Light Sauce,,,1,0,0,0,
Pizza,Classic Cheese Pizza,Halfitsaus,,,1,0,0,0,
Pizza,Classic Cheese Pizza,Green Peppers,,,7,6.93,0,6.93,
Pizza,Classic Cheese Pizza,Extra Cheese,,,9,17.91,0,17.91,
Pizza,Classic Cheese Pizza,Half Onion And Sauasage,,,1,0,0,0,
Pizza,Classic Cheese Pizza,Turkey Bacon,,,2,5.98,0,5.98,
Pizza,Classic Cheese Pizza,On Half,,,1,0,0,0,
Pizza,Classic Cheese Pizza,No Basl,,,1,0,0,0,
Pizza,Classic Cheese Pizza,Only Half,,,1,0,0,0,
Pizza,Classic Cheese Pizza,Pepp,,,1,0,0,0,
Pizza,Classic Cheese Pizza,Garlic Ghee Mushrooms,,,9,17.91,0,17.91,
Pizza,Classic Cheese Pizza,Italian Sausage,,,20,59.8,0,59.8,
Pizza,Classic Cheese Pizza,No Basil,,,4,0,0,0,
Pizza,Classic Cheese Pizza,Half Cheese,,,3,0,0,0,
Pizza,Classic Cheese Pizza,Half Sausage,,,1,0,0,0,
Pizza,Classic Cheese Pizza,One Half Sausage And Other Half Sauage And Other Toppins,,,1,0,0,0,
Pizza,Classic Cheese Pizza,Pepperoni,,,33,98.67,0,98.67,
Pizza,Classic Cheese Pizza,Welldone,,,1,0,0,0,
Pizza,Classic Cheese Pizza,14" LARGE,,,269,4366.31,0,4366.31,
Pizza,Classic Cheese Pizza,Chicken Chunks,,,17,50.83,0,50.83,
Pizza,Classic Cheese Pizza,Jalapeno,,,13,12.87,0,12.87,
Pizza,Classic Cheese Pizza,Nobasil,,,3,0,0,0,
Pizza,Classic Cheese Pizza,Nofreshmozz,,,1,0,0,0,
Pizza,Classic Cheese Pizza,Onion,,,11,10.89,0,10.89,
Pizza,Classic Cheese Pizza,Side Jalapeno,,,1,0,0,0,
Pizza,Classic Cheese Pizza,Half Pepperoni,,,2,0,0,0,
Pizza,Classic Cheese Pizza,Extra Basil,,,1,0,0,0,
Pizza,Classic Cheese Pizza,Hot Honey,,,1,0.99,0,0.99,
Pizza,Classic Cheese Pizza,Half,,,1,0,0,0,
Pizza,Classic Cheese Pizza,Extra Sauce,,,1,0,0,0,
Pizza,Classic Cheese Pizza,Halfpep,,,1,0,0,0,
Pizza,Classic Cheese Pizza,Jhura Beef,,,1,2.99,0,2.99,
Pizza,Classic Cheese Pizza,3doughballs 5$|each,,,1,0,0,0,
Pizza,Classic Cheese Pizza,Basil Side,,,1,0,0,0,
Pizza,Naga Habanero Chicken,,,21.955501829123257,1167,25484.34,211.13,25273.21,
Pizza,Naga Habanero Chicken,Green Peppers,,,41,40.6,0,40.6,
Pizza,Naga Habanero Chicken,Spicy Balachao(Fermented Shrimp),,,1,1.99,0,1.99,
Pizza,Naga Habanero Chicken,Extra Spicy,,,8,0,0,0,
Pizza,Naga Habanero Chicken,Extra Extra Spicy,,,1,0,0,0,
Pizza,Naga Habanero Chicken,Well Done,,,1,0,0,0,
Pizza,Naga Habanero Chicken,Hot Honey,,,15,22.86,0,22.86,
Pizza,Naga Habanero Chicken,Extraaaaaaaaaaaaa Spicy,,,1,0,0,0,
Pizza,Naga Habanero Chicken,Nocheddar,,,1,0,0,0,
Pizza,Naga Habanero Chicken,Banana Peppers,,,1,0.99,0,0.99,
Pizza,Naga Habanero Chicken,Jhura Beef,,,1,2.99,0,2.99,
Pizza,Naga Habanero Chicken,Garlic Ghee Mushrooms,,,14,27.86,0,27.86,
Pizza,Naga Habanero Chicken,Chicken Chunks,,,8,23.92,0,23.92,
Pizza,Naga Habanero Chicken,Black Olives,,,10,18.9,0,18.9,
Pizza,Naga Habanero Chicken,Pepperoni,,,20,59.8,0,59.8,
Pizza,Naga Habanero Chicken,Half,,,1,0,0,0,
Pizza,Naga Habanero Chicken,Italian Sausage,,,4,11.96,0,11.96,
Pizza,Naga Habanero Chicken,Extraaaaaa Spicy,,,1,0,0,0,
Pizza,Naga Habanero Chicken,Half Mushroom Halfchicken,,,1,0,0,0,
Pizza,Naga Habanero Chicken,14" LARGE,,,659,13630.42,0,13630.42,
Pizza,Naga Habanero Chicken,Spicy,,,298,0,0,0,
Pizza,Naga Habanero Chicken,Naga Ob Side,,,1,0,0,0,
Pizza,Naga Habanero Chicken,Extra Extra Extra Spicy,,,1,0,0,0,
Pizza,Naga Habanero Chicken,Jalapeno,,,18,17.83,0,17.83,
Pizza,Naga Habanero Chicken,Hot Honey On All,,,2,0,0,0,
Pizza,Naga Habanero Chicken,Naga Dip,,,1,0,0,0,
Pizza,Naga Habanero Chicken,Extraaaaaaa,,,1,0,0,0,
Pizza,Naga Habanero Chicken,Onions,,,1,0,0,0,
Pizza,Naga Habanero Chicken,Cilantro On Half,,,1,0,0,0,
Pizza,Naga Habanero Chicken,16" XLARGE,,,508,11542.92,0,11542.92,
Pizza,Naga Habanero Chicken,Medium,,,636,0,0,0,
Pizza,Naga Habanero Chicken,Mild,,,233,0,0,0,
Pizza,Naga Habanero Chicken,Onion,,,60,59.4,0,59.4,
Pizza,Naga Habanero Chicken,Turkey Bacon,,,2,5.98,0,5.98,
Pizza,Naga Habanero Chicken,No Cilantro,,,1,0,0,0,
Pizza,Naga Habanero Chicken,Extra Cheese,,,8,15.92,0,15.92,
Pizza,Naga Habanero Chicken,No Cilantto Welldone,,,1,0,0,0,
Pizza,Naga Habanero Chicken,Halfchicken,,,1,0,0,0,
Pizza,Naga Habanero Chicken,Half Honey,,,1,0,0,0,
Pizza,Naga Habanero Chicken,Extra Cilatro,,,1,0,0,0,
Pizza,Naga Habanero Chicken,10 Slices,,,1,0,0,0,
Pizza,Naga Habanero Chicken,Nocilantro,,,1,0,0,0,
Pizza,Naga Habanero Chicken,Jal,,,1,0,0,0,
Pizza,Naga Habanero Chicken,Blkolives,,,1,0,0,0,
Pizza,Beef Taco Pizza,,,21.943666666666665,172,3779.19,54.34,3724.85,
Pizza,Beef Taco Pizza,Jalapeno,,,5,4.95,0,4.95,
Pizza,Beef Taco Pizza,Extra Cheese,,,1,1.99,0,1.99,
Pizza,Beef Taco Pizza,Hot Honey,,,1,1.99,0,1.99,
Pizza,Beef Taco Pizza,14" LARGE,,,106,2237.94,0,2237.94,
Pizza,Beef Taco Pizza,16" XLARGE,,,66,1526.34,0,1526.34,
Pizza,Beef Taco Pizza,Green Peppers,,,0,0,0,0,
Pizza,Beef Taco Pizza,Chicken Chunks,,,2,5.98,0,5.98,
Pizza,Beef Taco Pizza,Littlecilantro,,,1,0,0,0,
Pizza,Garlic Ghee Mushroom,,,19.698115942028984,166,3262.66,17.58,3227.09,
Pizza,Garlic Ghee Mushroom,14" LARGE,,,98,1714.02,0,1714.02,
Pizza,Garlic Ghee Mushroom,Onion,,,8,7.92,0,7.92,
Pizza,Garlic Ghee Mushroom,Green Peppers,,,2,1.98,0,1.98,
Pizza,Garlic Ghee Mushroom,Italian Sausage,,,6,17.94,0,17.94,
Pizza,Garlic Ghee Mushroom,Jalapeno,,,3,2.97,0,2.97,
Pizza,Garlic Ghee Mushroom,Extra Cheese,,,2,3.98,0,3.98,
Pizza,Garlic Ghee Mushroom,Pepperoni,,,7,20.93,0,20.93,
Pizza,Garlic Ghee Mushroom,Red Sauce And Onions|peppers,,,1,0,0,0,
Pizza,Garlic Ghee Mushroom,Half & Half Toppings,,,1,0,0,0,
Pizza,Garlic Ghee Mushroom,Garlic Ghee Mushrooms,,,4,7.96,0,7.96,
Pizza,Garlic Ghee Mushroom,Chicken Chunks,,,23,68.77,0,68.77,
Pizza,Garlic Ghee Mushroom,Jhura Beef,,,7,20.93,0,20.93,
Pizza,Garlic Ghee Mushroom,No Alfredo|  Use Redsauce,,,1,0,0,0,
Pizza,Garlic Ghee Mushroom,16" XLARGE,,,68,1384.32,0,1384.32,
Pizza,Garlic Ghee Mushroom,Black Olives,,,4,6.96,0,6.96,
Pizza,Garlic Ghee Mushroom,Onions,,,1,0,0,0,
Pizza,Garlic Ghee Mushroom,Half Alfredo And Half Marina,,,1,0,0,0,
Pizza,Garlic Ghee Mushroom,Hot Honey,,,2,3.98,0,3.98,
Pizza,Garlic Ghee Mushroom,Parsley Chicken Side,,,1,0,0,0,
Pizza,Garlic Ghee Mushroom,Half Chicken,,,1,0,0,0,
Pizza,Harissa Chicken,,,21.947560975609758,170,3723.13,39.63,3683.5,
Pizza,Harissa Chicken,Jalapeno,,,2,1.98,0,1.98,
Pizza,Harissa Chicken,Garlic Ghee Mushrooms,,,2,3.98,0,3.98,
Pizza,Harissa Chicken,Onion,,,2,1.98,0,1.98,
Pizza,Harissa Chicken,14" LARGE,,,108,2266.92,0,2266.92,
Pizza,Harissa Chicken,Chicken Chunks,,,0,0,0,0,
Pizza,Harissa Chicken,16" XLARGE,,,62,1425.38,0,1425.38,
Pizza,Harissa Chicken,Jhura Beef,,,1,2.99,0,2.99,
Pizza,Harissa Chicken,Hot Honey,,,6,11.94,0,11.94,
Pizza,Harissa Chicken,Green Peppers,,,2,1.98,0,1.98,
Pizza,Harissa Chicken,Pepperoni,,,2,5.98,0,5.98,
Pizza,Naga Habanero Paneer,,,21.82720338983051,67,1470,17.8,1452.2,
Pizza,Naga Habanero Paneer,Spicy,,,21,0,0,0,
Pizza,Naga Habanero Paneer,Black Olives,,,3,5.97,0,5.97,
Pizza,Naga Habanero Paneer,Mild,,,6,0,0,0,
Pizza,Naga Habanero Paneer,14" LARGE,,,38,759.62,0,759.62,
Pizza,Naga Habanero Paneer,Onion,,,10,9.9,0,9.9,
Pizza,Naga Habanero Paneer,Turkey Bacon,,,1,2.99,0,2.99,
Pizza,Naga Habanero Paneer,16" XLARGE,,,29,666.71,0,666.71,
Pizza,Naga Habanero Paneer,Med,,,1,0,0,0,
Pizza,Naga Habanero Paneer,Garlic Ghee Mushrooms,,,4,7.96,0,7.96,
Pizza,Naga Habanero Paneer,Green Peppers,,,6,5.94,0,5.94,
Pizza,Naga Habanero Paneer,Medium,,,40,0,0,0,
Pizza,Naga Habanero Paneer,Jalapeno,,,8,7.92,0,7.92,
Pizza,Naga Habanero Paneer,Less Paneer,,,1,0,0,0,
Pizza,Naga Habanero Paneer,Chicken Chunks,,,1,2.99,0,2.99,
Pizza,Alfredo Cheese Pizza,,,17.424166666666668,49,855.35,0,855.35,
Pizza,Alfredo Cheese Pizza,14" LARGE,,,39,636.61,0,636.61,
Pizza,Alfredo Cheese Pizza,Half Blkoliv,,,1,0,0,0,
Pizza,Alfredo Cheese Pizza,Jalapeno,,,1,0.99,0,0.99,
Pizza,Alfredo Cheese Pizza,Onion,,,1,0.99,0,0.99,
Pizza,Alfredo Cheese Pizza,16" XLARGE,,,10,179.9,0,179.9,
Pizza,Alfredo Cheese Pizza,Italian Sausage,,,1,2.99,0,2.99,
Pizza,Alfredo Cheese Pizza,Chicken Chunks,,,4,11.96,0,11.96,
Pizza,Alfredo Cheese Pizza,Pepperoni,,,4,11.96,0,11.96,
Pizza,Alfredo Cheese Pizza,Garlic Ghee Mushrooms,,,1,1.99,0,1.99,
Pizza,Alfredo Cheese Pizza,Black Olives,,,1,1.99,0,1.99,
Pizza,Alfredo Cheese Pizza,Extra Cheese,,,3,5.97,0,5.97,
Pizza,Bongo Tex Mex,,,19.7145,45,888.53,3.81,884.72,
Pizza,Bongo Tex Mex,14" LARGE,,,31,588.69,0,588.69,
Pizza,Bongo Tex Mex,Half Jalapenos,,,1,0,0,0,
Pizza,Bongo Tex Mex,16 inces XLARGE,,,14,293.86,0,293.86,
Pizza,Bongo Tex Mex,Red Sauce,,,1,0,0,0,
Pizza,Bongo Tex Mex,Pepperoni,,,2,5.98,0,5.98,
Pizza,Bongo Tex Mex,No Alfredo| Put Red Sauce,,,1,0,0,0,
Pizza,Korean BBQ,,,23.802133333333334,34,809.62,8.05,801.57,
Pizza,Korean BBQ,Beef(Recommended),,,27,0,0,0,
Pizza,Korean BBQ,Onion,,,1,0.99,0,0.99,
Pizza,Korean BBQ,Garlic Ghee Mushrooms,,,1,1.99,0,1.99,
Pizza,Korean BBQ,Artichoke Hearts,,,1,1.99,0,1.99,
Pizza,Korean BBQ,16" XLARGE,,,11,274.89,0,274.89,
Pizza,Korean BBQ,Chicken,,,7,0,0,0,
Pizza,Korean BBQ,14" LARGE,,,23,528.77,0,528.77,
Pizza,Korean BBQ,Jalapeno,,,1,0.99,0,0.99,
Pizza,Garlic Artichoke,,,20.153333333333332,6,120.92,0,120.92,
Pizza,Garlic Artichoke,16" XLARGE,,,1,20.99,0,20.99,
Pizza,Garlic Artichoke,14" LARGE,,,5,94.95,0,94.95,
Pizza,Garlic Artichoke,Garlic Ghee Mushrooms,,,1,1.99,0,1.99,
Pizza,Garlic Artichoke,Chicken Chunks,,,1,2.99,0,2.99,
Pizza,Naga Dip,,,1.99,70,139.3,2.41,136.89,
Pizza,Naga Habanero Balachao,,,17.25780487804878,44,759.54,10.43,749.11,
Pizza,Naga Habanero Balachao,Mild,,,8,0,0,0,
Pizza,Naga Habanero Balachao,Medium,,,19,0,0,0,
Pizza,Naga Habanero Balachao,Jalapeno,,,1,0.99,0,0.99,
Pizza,Naga Habanero Balachao,14" LARGE,,,32,531.68,0,531.68,
Pizza,Naga Habanero Balachao,Spicy,,,17,0,0,0,
Pizza,Naga Habanero Balachao,Onion,,,1,0.99,0,0.99,
Pizza,Naga Habanero Balachao,16" XLARGE,,,12,225.88,0,225.88,
Pizza,4Cheez with Hot Honey,,,19.17138364779874,120,2306.49,3.4,2303.09,
Pizza,4Cheez with Hot Honey,Garlic Ghee Mushrooms,,,1,1.99,0,1.99,
Pizza,4Cheez with Hot Honey,Italian Sausage,,,2,5.98,0,5.98,
Pizza,4Cheez with Hot Honey,Hot Honey On Half,,,1,0,0,0,
Pizza,4Cheez with Hot Honey,Jhura Beef,,,1,2.99,0,2.99,
Pizza,4Cheez with Hot Honey,16" XLARGE,,,33,686.67,0,686.67,
Pizza,4Cheez with Hot Honey,HH Onthe Side,,,1,0,0,0,
Pizza,4Cheez with Hot Honey,Hot Honey,,,2,0.99,0,0.99,
Pizza,4Cheez with Hot Honey,Only On Half,,,1,0,0,0,
Pizza,4Cheez with Hot Honey,14" LARGE,,,87,1532.13,0,1532.13,
Pizza,4Cheez with Hot Honey,Pepperoni,,,20,59.8,0,59.8,
Pizza,4Cheez with Hot Honey,Side Hot Honey,,,1,0,0,0,
Pizza,4Cheez with Hot Honey,Chicken Chunks,,,5,14.95,0,14.95,
Pizza,4Cheez with Hot Honey,Jalapeno,,,1,0.99,0,0.99,
Pizza,4Cheez with Hot Honey,Hot Honey On Side,,,1,0,0,0,
Pizza,Tomato Basil Pasta,,,12.03996212121212,52,627.12,4.1,623.02,
Pizza,Tomato Basil Pasta,Spinach,,,2,0,0,0,
Pizza,Tomato Basil Pasta,Medium,,,6,0,0,0,
Pizza,Tomato Basil Pasta,Italian Sausage,,,16,47.84,0,47.84,
Pizza,Tomato Basil Pasta,Mild,,,7,0,0,0,
Pizza,Tomato Basil Pasta,Mushroom,,,4,0,0,0,
Pizza,Tomato Basil Pasta,Ghee Mushroom,,,5,14.95,0,14.95,
Pizza,Tomato Basil Pasta,Chicken,,,15,44.85,0,44.85,
Pizza,Tomato Basil Pasta,Onions,,,2,0,0,0,
Pizza,Marinara Sauce,,,1.99,34,67.66,0,67.66,
Pizza,Customized Pizza,,,22.231,30,667.93,5.34,662.59,
Pizza,Customized Pizza,Red Sauce,,,25,0,0,0,
Pizza,Customized Pizza,Jalapeno,,,6,5.94,0,5.94,
Pizza,Customized Pizza,Green Peppers,,,7,6.93,0,6.93,
Pizza,Customized Pizza,This Is Half,,,1,0,0,0,
Pizza,Customized Pizza,Mozzarella,,,2,3.98,0,3.98,
Pizza,Customized Pizza,Jhura Beef,,,5,14.95,0,14.95,
Pizza,Customized Pizza,Chicken Chunks,,,7,20.93,0,20.93,
Pizza,Customized Pizza,Hot Honey,,,3,3.97,0,3.97,
Pizza,Customized Pizza,Onion,,,9,8.91,0,8.91,
Pizza,Customized Pizza,Black Olives,,,4,6.96,0,6.96,
Pizza,Customized Pizza,Cheddar,,,1,0,0,0,
Pizza,Customized Pizza,Alfredo Sauce,,,5,0,0,0,
Pizza,Customized Pizza,Pepperoni,,,11,32.89,0,32.89,
Pizza,Customized Pizza,Extra Cheese,,,5,9.95,0,9.95,
Pizza,Customized Pizza,16" XLARGE,,,11,200.89,0,200.89,
Pizza,Customized Pizza,14" LARGE,,,19,304.81,0,304.81,
Pizza,Customized Pizza,Italian Sausage,,,10,29.9,0,29.9,
Pizza,Customized Pizza,Garlic Ghee Mushrooms,,,5,9.95,0,9.95,
Pizza,Customized Pizza,Turkey Bacon,,,1,2.99,0,2.99,
Pizza,Customized Pizza,Chedar,,,1,0,0,0,
Pizza,Customized Pizza,Sharp Cheddar,,,1,1.99,0,1.99,
Pizza,Chicken Wrap,,,7.972510040160643,833,6483.6,368.53,6115.07,
Pizza,Chicken Wrap,Less Cheese| Less Spicy,,,1,0,0,0,
Pizza,Chicken Wrap,Cutinhalf,,,1,0,0,0,
Pizza,Chicken Wrap,No Veggies,,,1,0,0,0,
Pizza,Chicken Wrap,Med Spicy Less Spicy,,,1,0,0,0,
Pizza,Chicken Wrap,Extraaaaaaaa Spicy,,,1,0,0,0,
Pizza,Chicken Wrap,No Onions,,,1,0,0,0,
Pizza,Chicken Wrap,Nomozzarella,,,1,0,0,0,
Pizza,Chicken Wrap,Ranch,,,130,0,0,0,
Pizza,Chicken Wrap,Garlic Mayo,,,91,0,0,0,
Pizza,Chicken Wrap,JalapeÃ±o Ranch,,,42,0,0,0,
Pizza,Chicken Wrap,Both Sauces On Side,,,1,0,0,0,
Pizza,Chicken Wrap,Less Cheese,,,1,0,0,0,
Pizza,Chicken Wrap,Honey Mustard,,,17,0,0,0,
Pizza,Chicken Wrap,Extra Meat,,,7,20.93,0,20.93,
Pizza,Chicken Wrap,No Greenpeppers,,,1,0,0,0,
Pizza,Chicken Wrap,No Bellpepper,,,1,0,0,0,
Pizza,Chicken Wrap,No Vegies,,,1,0,0,0,
Pizza,Chicken Wrap,No Cheese,,,3,0,0,0,
Pizza,Chicken Wrap,Spicy,,,1,0,0,0,
Pizza,Chicken Wrap,Mild Cheddar Cheese,,,3,0,0,0,
Pizza,Chicken Wrap,No Gp,,,1,0,0,0,
Pizza,Chicken Wrap,Cut,,,1,0,0,0,
Pizza,Chicken Wrap,Less Cheese More Naga Spicy,,,1,0,0,0,
Pizza,Chicken Wrap,Naga Habanero,,,528,0,0,0,
Pizza,Chicken Wrap,Harissa Aoili,,,12,0,0,0,
Pizza,Chicken Wrap,Nogp,,,0,0,0,0,
Pizza,Chicken Wrap,Medium,,,2,0,0,0,
Pizza,Chicken Wrap,No Peppers,,,1,0,0,0,
Pizza,Chicken Wrap,Little Mozz,,,1,0,0,0,
Pizza,Chicken Wrap,No Onions|no Peppers,,,1,0,0,0,
Pizza,Chicken Wrap,No Green Peppers,,,1,0,0,0,
Pizza,Chicken Wrap,1 No Spice And 3 Medium,,,4,0,0,0,
Pizza,Chicken Wrap,Mshroom,,,1,0,0,0,
Pizza,Chicken Wrap,No Onions Cilantro,,,1,0,0,0,
Pizza,Chicken Wrap,Above Regular,,,1,0,0,0,
Pizza,Bengali Beef Pesto (Contains Nuts),,,24.842997737556562,305,7579.67,44.55,7535.12,
Pizza,Bengali Beef Pesto (Contains Nuts),Green Peppers,,,3,2.97,0,2.97,
Pizza,Bengali Beef Pesto (Contains Nuts),Garlic Ghee Mushrooms,,,7,13.93,0,13.93,
Pizza,Bengali Beef Pesto (Contains Nuts),Onion,,,5,4.95,0,4.95,
Pizza,Bengali Beef Pesto (Contains Nuts),Hot Honey,,,1,0.99,0,0.99,
Pizza,Bengali Beef Pesto (Contains Nuts),Jhura Beef,,,1,2.99,0,2.99,
Pizza,Bengali Beef Pesto (Contains Nuts),Ranch,,,1,0,0,0,
Pizza,Bengali Beef Pesto (Contains Nuts),Extra Cheese,,,1,1.99,0,1.99,
Pizza,Bengali Beef Pesto (Contains Nuts),14" LARGE,,,209,4938.91,0,4938.91,
Pizza,Bengali Beef Pesto (Contains Nuts),16" XLARGE,,,96,2591.04,0,2591.04,
Pizza,Bengali Beef Pesto (Contains Nuts),Pesto Little Less,,,1,0,0,0,
Pizza,Bengali Beef Pesto (Contains Nuts),Jalapeno,,,4,3.96,0,3.96,
Pizza,Bengali Beef Pesto (Contains Nuts),Pepperoni,,,4,11.96,0,11.96,
Pizza,Bengali Beef Pesto (Contains Nuts),Italian Sausage,,,2,5.98,0,5.98,
Pizza,14" Pie,,,10.4925,55,597.69,0,597.69,
Pizza,14" Pie,Cheese,,,37,0,0,0,
Pizza,14" Pie,Pepperoni,,,13,0,0,0,
Pizza,14" Pie,Specialty Alfredo Sauce - Mozzeralla Cheese,,,1,0,0,0,
Pizza,14" Pie,Blkoliv,,,1,0,0,0,
Pizza,14" Pie,Mushroom,,,1,0,0,0,
Pizza,14" Pie,Specialty Tomato Sauce - Mozzeralla Cheese,,,54,0,0,0,
Pizza,14" Pie,Chicken,,,4,0,0,0,
Pizza,Spicy Italian,,,20.69529411764706,17,351.82,1.13,350.69,
Pizza,Spicy Italian,14" LARGE,,,12,239.88,0,239.88,
Pizza,Spicy Italian,No Jalapeno,,,1,0,0,0,
Pizza,Spicy Italian,16" XLARGE,,,5,109.95,0,109.95,
Pizza,Spicy Italian,Extracheese No Onion,,,1,0,0,0,
Pizza,Spicy Italian,No Onions Jalapeno,,,1,0,0,0,
Pizza,Spicy Italian,Garlic Ghee Mushrooms,,,1,1.99,0,1.99,
Pizza,Paneer Wrap,,,7.99,10,79.9,3.6,76.3,
Pizza,Paneer Wrap,Ranch,,,1,0,0,0,
Pizza,Paneer Wrap,Naga Habanero,,,5,0,0,0,
Pizza,Paneer Wrap,Harissa Aoili,,,1,0,0,0,
Pizza,Paneer Wrap,Garlic Mayo,,,3,0,0,0,
Pizza,Alfredo Chicken,,,20.181508620689655,132,2685.27,45.38,2639.89,
Pizza,Alfredo Chicken,Extra Cheese,,,2,3.98,0,3.98,
Pizza,Alfredo Chicken,Onion,,,6,5.94,0,5.94,
Pizza,Alfredo Chicken,Black Olives,,,3,5.97,0,5.97,
Pizza,Alfredo Chicken,14" LARGE,,,87,1629.13,0,1629.13,
Pizza,Alfredo Chicken,Garlic Ghee Mushrooms,,,9,17.91,0,17.91,
Pizza,Alfredo Chicken,Jhura Beef,,,1,2.99,0,2.99,
Pizza,Alfredo Chicken,Pepperoni,,,1,2.99,0,2.99,
Pizza,Alfredo Chicken,Half Mushroom,,,1,0,0,0,
Pizza,Alfredo Chicken,Italian Sausage,,,1,2.99,0,2.99,
Pizza,Alfredo Chicken,Turkey Bacon,,,9,26.91,0,26.91,
Pizza,Alfredo Chicken,Green Peppers,,,3,2.97,0,2.97,
Pizza,Alfredo Chicken,16" XLARGE,,,45,977.55,0,977.55,
Pizza,Alfredo Chicken,Jalapeno,,,6,5.94,0,5.94,
Pizza,Alfredo Chicken,Bongo Texmex,,,1,0,0,0,
Pizza,Soft Drink (2L),,,2.99,8,23.92,0,23.92,
Pizza,Side Jalapeno,,,0.99,3,2.97,0,2.97,
Pizza,Naga Habanero Pasta,,,12.674714714714714,145,1825.29,10.38,1814.91,
Pizza,Naga Habanero Pasta,Medium Spice,,,2,0,0,0,
Pizza,Naga Habanero Pasta,Medium,,,60,0,0,0,
Pizza,Naga Habanero Pasta,Medium Spicy,,,1,0,0,0,
Pizza,Naga Habanero Pasta,Chicken,,,93,278.07,0,278.07,
Pizza,Naga Habanero Pasta,Italian Sausage,,,22,65.78,0,65.78,
Pizza,Naga Habanero Pasta,Mushroom,,,1,0,0,0,
Pizza,Naga Habanero Pasta,Onions,,,1,0,0,0,
Pizza,Naga Habanero Pasta,Ghee Mushroom,,,11,32.89,0,32.89,
Pizza,Naga Habanero Pasta,Wild,,,15,0,0,0,
Pizza,Naga Habanero Pasta,Spicy,,,27,0,0,0,
Pizza,Naga Habanero Pasta,Mild,,,42,0,0,0,
Pizza,Mushroom Wrap,,,8.0895,22,178.77,0,178.77,
Pizza,Mushroom Wrap,Harissa Aoili,,,1,0,0,0,
Pizza,Mushroom Wrap,Naga Habanero,,,13,0,0,0,
Pizza,Mushroom Wrap,Light Cheese,,,1,0,0,0,
Pizza,Mushroom Wrap,Garlic Mayo,,,5,0,0,0,
Pizza,Mushroom Wrap,Ranch,,,2,0,0,0,
Pizza,Mushroom Wrap,Extra Meat,,,1,2.99,0,2.99,
Pizza,Mushroom Wrap,Honey Mustard,,,0,0,0,0,
Pizza,Side Banana Peppers,,,0.99,1,0.99,0,0.99,
Pizza,Cheddar Birds,,,20.88421052631579,19,395.8,0,395.8,
Pizza,Cheddar Birds,Garlic Ghee Mushrooms,,,1,1.99,0,1.99,
Pizza,Cheddar Birds,No Jala,,,1,0,0,0,
Pizza,Cheddar Birds,No Jalepenos,,,2,0,0,0,
Pizza,Cheddar Birds,16" XLARGE,,,7,153.93,0,153.93,
Pizza,Cheddar Birds,14" LARGE,,,12,239.88,0,239.88,
Pizza,Beef Chopped Cheese,,,7.897854838709677,388,3008.08,190.58,2817.5,
Pizza,Beef Chopped Cheese,Honey Mustard,,,114,0,0,0,
Pizza,Beef Chopped Cheese,Garlic Mayo,,,181,0,0,0,
Pizza,Beef Chopped Cheese,Ranch,,,20,0,0,0,
Pizza,Beef Chopped Cheese,Harissa Aoili,,,3,0,0,0,
Pizza,Beef Chopped Cheese,One With No Onions,,,2,0,0,0,
Pizza,Beef Chopped Cheese,No Cheese,,,2,0,0,0,
Pizza,Beef Chopped Cheese,Naga Habanero,,,62,0,0,0,
Pizza,Beef Chopped Cheese,JalapeÃ±o Ranch,,,8,0,0,0,
Pizza,Beef Chopped Cheese,Light Cheese,,,1,0,0,0,
Pizza,Beef Chopped Cheese,Sriracha,,,1,0,0,0,
Pizza,Beef Chopped Cheese,Light Cheddar,,,1,0,0,0,
Pizza,Beef Chopped Cheese,Light Naga Sauce,,,1,0,0,0,
Pizza,Beef Chopped Cheese,Less Cheese,,,2,0,0,0,
Pizza,Beef Chopped Cheese,Extra Meat,,,4,11.96,0,11.96,
Pizza,Ranch,,,1.6917543859649122,189,313.11,0.04,313.07,
Pizza,Side Garlic Mayo,,,1.6718181818181819,24,40.76,0.04,40.72,
Pizza,Alfredo Pasta,,,12.80849025974026,204,2623.5,0,2623.5,
Pizza,Alfredo Pasta,Jalapenos,,,1,0,0,0,
Pizza,Alfredo Pasta,Spinach,,,1,0,0,0,
Pizza,Alfredo Pasta,Double Meat,,,1,2.49,0,2.49,
Pizza,Alfredo Pasta,Everything,,,1,0,0,0,
Pizza,Alfredo Pasta,Italian Sausage,,,7,20.93,0,20.93,
Pizza,Alfredo Pasta,Mushroom,,,1,0,0,0,
Pizza,Alfredo Pasta,Chicken,,,1,0,0,0,
Pizza,Alfredo Pasta,Ghee Mushroom,,,52,155.48,0,155.48,
Pizza,Full tray,,,80,1,80,0,80,
Pizza,Full tray,Naga Chicken,,,1,80,0,80,
Pizza,16" Pie,,,15,1,15,0,15,
Pizza,16" Pie,3x Dough,,,1,0,0,0,
Pizza,16" Pie,Specialty Tomato Sauce - Mozzeralla Cheese,,,1,0,0,0,
Pizza,16" Pie,Cheese,,,1,0,0,0,
Pizza,Soda (Can),,,2.4251359516616313,1020,2490.15,2.16,2487.99,
Pizza,Parmesan Bags 3,,,0.84,9,8.11,0,8.11,
Pizza,Margarita,,,17.524642857142858,27,473.7,0,473.7,
Pizza,Margarita,16" XLARGE,,,11,196.89,0,196.89,
Pizza,Margarita,14" LARGE,,,16,269.84,0,269.84,
Pizza,Margarita,Chicken Chunks,,,2,5.98,0,5.98,
Pizza,Margarita,Onion,,,1,0.99,0,0.99,
Pizza,Side Olives,,,0.99,3,2.97,0,2.97,
Pizza,Bros Supreme,,,21.49,2,42.98,0,42.98,
Pizza,Bros Supreme,16" XLARGE,,,1,22.99,0,22.99,
Pizza,Bros Supreme,14" LARGE,,,1,19.99,0,19.99,
Pizza,Hot Honey,,,1.629344262295082,81,129.19,0.4,126.8,
Pizza,Red Peppers Bags 3,,,0.84,7,6.13,0,6.13,
Pizza,Side Basil,,,0.5,1,0.5,0,0.5,
Pizza,Side Cilantro,,,0.5,1,0.5,0,0.5,
Pizza,Soda 2L,,,3.99,10,39.9,0,39.9,
